<?xml version="1.0" encoding="UTF-8" ?>
<!DOCTYPE mapper PUBLIC "-//mybatis.org//DTD Mapper 3.0//EN" "http://mybatis.org/dtd/mybatis-3-mapper.dtd" >
<mapper namespace="tw.com.hjct.jmrs.dao.mapper.CustomMapper">

	<select id="selectSequence" resultType="int">
		select ${seqName}.nextval as id from dual
	</select>
	
	<select id="selectJobSrcMaxRancode" resultType="string">
		select MAX(RANCODE) FROM RD_JOBSRCINFO WHERE NUM=#{num}
	</select>
	
	<select id="selectJobTgtMaxRancode" resultType="string">
		select MAX(RANCODE) FROM RD_JOBTGTINFO WHERE NUM=#{num}
	</select>
	
	<select id="selectJobHashMaxRancode" resultType="string">
		select MAX(RANCODE) FROM RD_JOBHASHINFO WHERE NUM=#{num}
	</select>
</mapper>