<?xml version="1.0" encoding="UTF-8"?>
<configuration>
    <!-- 此xml在spring-boot-1.5.3.RELEASE.jar裡 -->
    <include resource="org/springframework/boot/logging/logback/defaults.xml" />
    <include resource="org/springframework/boot/logging/logback/console-appender.xml" />
    <!-- 開啟後可以通過jmx動態控制日誌級別(springboot Admin的功能) -->
    <!--<jmxConfigurator/>-->

    <appender name="FILE" class="ch.qos.logback.core.rolling.RollingFileAppender">
        <!--<File>/home/hfw-client/hfw_log/stdout.log</File>-->
        <File>C:/log/jmrs.log</File>
        <encoder>
            <pattern>%date [%level] [%thread] %logger{60} [%file : %line] %msg%n</pattern>
        </encoder>
        <rollingPolicy class="ch.qos.logback.core.rolling.TimeBasedRollingPolicy">
            <!-- 新增.gz 歷史日誌會啟用壓縮 大大縮小日誌檔案所佔空間 -->
            <!--<fileNamePattern>/home/hfw-client/hfw_log/stdout.log.%d{yyyy-MM-dd}.log</fileNamePattern>-->
            <fileNamePattern>C:/log/jmrs.log.%d{yyyy-MM-dd}.log</fileNamePattern>
            <maxHistory>30</maxHistory><!--  保留30天日誌 -->
        </rollingPolicy>
    </appender>

    <logger name="tw.com.hjct.jmrs.dao.mapper" level="DEBUG" />

 	
    <root level="INFO">
        <appender-ref ref="CONSOLE"/>
        <appender-ref ref="FILE"/>
    </root>
</configuration>