<?xml version="1.0" encoding="UTF-8"?>
<faces-config xmlns="http://java.sun.com/xml/ns/javaee"
	xmlns:xsi="http://www.w3.org/2001/XMLSchema-instance"
	xsi:schemaLocation="http://java.sun.com/xml/ns/javaee 
	http://java.sun.com/xml/ns/javaee/web-facesconfig_2_0.xsd"
	version="2.0">

	<application>
		<el-resolver>org.springframework.web.jsf.el.SpringBeanFacesELResolver</el-resolver>

		<message-bundle>messages</message-bundle>
		<resource-bundle>
			<base-name>messages</base-name>
			<var>msgs</var>
		</resource-bundle>

		<!-- PrimeFaces Dialog Framework -->
		<action-listener>org.primefaces.application.DialogActionListener</action-listener>
		<navigation-handler>org.primefaces.application.DialogNavigationHandler</navigation-handler>
		<view-handler>org.primefaces.application.DialogViewHandler</view-handler>

 
		<system-event-listener>
			<system-event-listener-class>tw.com.taipeifubon.jmrs.listener.ApplicationListener</system-event-listener-class>
			<system-event-class>javax.faces.event.PostConstructApplicationEvent</system-event-class>
		</system-event-listener>
		<system-event-listener>
			<system-event-listener-class>tw.com.taipeifubon.jmrs.listener.ApplicationListener</system-event-listener-class>
			<system-event-class>javax.faces.event.PreDestroyApplicationEvent</system-event-class>
		</system-event-listener>

	</application>

	<factory>
	<!-- 
		<exception-handler-factory>tw.com.hjct.fos.CBMSExceptionHandlerFactory</exception-handler-factory>
	 -->
	</factory>
</faces-config>
