<?xml version="1.0" encoding="UTF-8"?>
<!DOCTYPE mapper PUBLIC "-//mybatis.org//DTD Mapper 3.0//EN" "http://mybatis.org/dtd/mybatis-3-mapper.dtd">
<mapper namespace="tw.com.hjct.jmrs.dao.mapper.ConfigValueMapper">
  <resultMap id="BaseResultMap" type="tw.com.hjct.jmrs.dao.bean.ConfigValue">
    <id column="CONFIG_ID" jdbcType="NUMERIC" property="configId" />
    <id column="CODE" jdbcType="VARCHAR" property="code" />
    <result column="VALUE" jdbcType="NVARCHAR" property="value" />
    <result column="STATE" jdbcType="CHAR" property="state" />
    <result column="READ_ONLY" jdbcType="CHAR" property="readOnly" />
  </resultMap>
  <sql id="Example_Where_Clause">
    <where>
      <foreach collection="oredCriteria" item="criteria" separator="or">
        <if test="criteria.valid">
          <trim prefix="(" prefixOverrides="and" suffix=")">
            <foreach collection="criteria.criteria" item="criterion">
              <choose>
                <when test="criterion.noValue">
                  and ${criterion.condition}
                </when>
                <when test="criterion.singleValue">
                  and ${criterion.condition} #{criterion.value}
                </when>
                <when test="criterion.betweenValue">
                  and ${criterion.condition} #{criterion.value} and #{criterion.secondValue}
                </when>
                <when test="criterion.listValue">
                  and ${criterion.condition}
                  <foreach close=")" collection="criterion.value" item="listItem" open="(" separator=",">
                    #{listItem}
                  </foreach>
                </when>
              </choose>
            </foreach>
          </trim>
        </if>
      </foreach>
    </where>
  </sql>
  <sql id="Update_By_Example_Where_Clause">
    <where>
      <foreach collection="example.oredCriteria" item="criteria" separator="or">
        <if test="criteria.valid">
          <trim prefix="(" prefixOverrides="and" suffix=")">
            <foreach collection="criteria.criteria" item="criterion">
              <choose>
                <when test="criterion.noValue">
                  and ${criterion.condition}
                </when>
                <when test="criterion.singleValue">
                  and ${criterion.condition} #{criterion.value}
                </when>
                <when test="criterion.betweenValue">
                  and ${criterion.condition} #{criterion.value} and #{criterion.secondValue}
                </when>
                <when test="criterion.listValue">
                  and ${criterion.condition}
                  <foreach close=")" collection="criterion.value" item="listItem" open="(" separator=",">
                    #{listItem}
                  </foreach>
                </when>
              </choose>
            </foreach>
          </trim>
        </if>
      </foreach>
    </where>
  </sql>
  <sql id="Base_Column_List">
    CONFIG_ID, CODE, VALUE, STATE, READ_ONLY
  </sql>
  <select id="selectByExample" parameterType="tw.com.hjct.jmrs.dao.bean.ConfigValueExample" resultMap="BaseResultMap">
    select
    <if test="distinct">
      distinct
    </if>
    <include refid="Base_Column_List" />
    from "ODS_SYSTEM"."CONFIG_VALUE"
    <if test="_parameter != null">
      <include refid="Example_Where_Clause" />
    </if>
    <if test="orderByClause != null">
      order by ${orderByClause}
    </if>
  </select>
  <select id="selectByPrimaryKey" parameterType="tw.com.hjct.jmrs.dao.bean.ConfigValueKey" resultMap="BaseResultMap">
    select 
    <include refid="Base_Column_List" />
    from "ODS_SYSTEM"."CONFIG_VALUE"
    where CONFIG_ID = #{configId,jdbcType=NUMERIC}
      and CODE = #{code,jdbcType=VARCHAR}
  </select>
  <delete id="deleteByPrimaryKey" parameterType="tw.com.hjct.jmrs.dao.bean.ConfigValueKey">
    delete from "ODS_SYSTEM"."CONFIG_VALUE"
    where CONFIG_ID = #{configId,jdbcType=NUMERIC}
      and CODE = #{code,jdbcType=VARCHAR}
  </delete>
  <delete id="deleteByExample" parameterType="tw.com.hjct.jmrs.dao.bean.ConfigValueExample">
    delete from "ODS_SYSTEM"."CONFIG_VALUE"
    <if test="_parameter != null">
      <include refid="Example_Where_Clause" />
    </if>
  </delete>
  <insert id="insert" parameterType="tw.com.hjct.jmrs.dao.bean.ConfigValue">
    insert into "ODS_SYSTEM"."CONFIG_VALUE" (CONFIG_ID, CODE, VALUE, 
      STATE, READ_ONLY)
    values (#{configId,jdbcType=NUMERIC}, #{code,jdbcType=VARCHAR}, #{value,jdbcType=NVARCHAR}, 
      #{state,jdbcType=CHAR}, #{readOnly,jdbcType=CHAR})
  </insert>
  <insert id="insertSelective" parameterType="tw.com.hjct.jmrs.dao.bean.ConfigValue">
    insert into "ODS_SYSTEM"."CONFIG_VALUE"
    <trim prefix="(" suffix=")" suffixOverrides=",">
      <if test="configId != null">
        CONFIG_ID,
      </if>
      <if test="code != null">
        CODE,
      </if>
      <if test="value != null">
        VALUE,
      </if>
      <if test="state != null">
        STATE,
      </if>
      <if test="readOnly != null">
        READ_ONLY,
      </if>
    </trim>
    <trim prefix="values (" suffix=")" suffixOverrides=",">
      <if test="configId != null">
        #{configId,jdbcType=NUMERIC},
      </if>
      <if test="code != null">
        #{code,jdbcType=VARCHAR},
      </if>
      <if test="value != null">
        #{value,jdbcType=NVARCHAR},
      </if>
      <if test="state != null">
        #{state,jdbcType=CHAR},
      </if>
      <if test="readOnly != null">
        #{readOnly,jdbcType=CHAR},
      </if>
    </trim>
  </insert>
  <select id="countByExample" parameterType="tw.com.hjct.jmrs.dao.bean.ConfigValueExample" resultType="java.lang.Long">
    select count(*) from "ODS_SYSTEM"."CONFIG_VALUE"
    <if test="_parameter != null">
      <include refid="Example_Where_Clause" />
    </if>
  </select>
  <update id="updateByExampleSelective" parameterType="map">
    update "ODS_SYSTEM"."CONFIG_VALUE"
    <set>
      <if test="record.configId != null">
        CONFIG_ID = #{record.configId,jdbcType=NUMERIC},
      </if>
      <if test="record.code != null">
        CODE = #{record.code,jdbcType=VARCHAR},
      </if>
      <if test="record.value != null">
        VALUE = #{record.value,jdbcType=NVARCHAR},
      </if>
      <if test="record.state != null">
        STATE = #{record.state,jdbcType=CHAR},
      </if>
      <if test="record.readOnly != null">
        READ_ONLY = #{record.readOnly,jdbcType=CHAR},
      </if>
    </set>
    <if test="_parameter != null">
      <include refid="Update_By_Example_Where_Clause" />
    </if>
  </update>
  <update id="updateByExample" parameterType="map">
    update "ODS_SYSTEM"."CONFIG_VALUE"
    set CONFIG_ID = #{record.configId,jdbcType=NUMERIC},
      CODE = #{record.code,jdbcType=VARCHAR},
      VALUE = #{record.value,jdbcType=NVARCHAR},
      STATE = #{record.state,jdbcType=CHAR},
      READ_ONLY = #{record.readOnly,jdbcType=CHAR}
    <if test="_parameter != null">
      <include refid="Update_By_Example_Where_Clause" />
    </if>
  </update>
  <update id="updateByPrimaryKeySelective" parameterType="tw.com.hjct.jmrs.dao.bean.ConfigValue">
    update "ODS_SYSTEM"."CONFIG_VALUE"
    <set>
      <if test="value != null">
        VALUE = #{value,jdbcType=NVARCHAR},
      </if>
      <if test="state != null">
        STATE = #{state,jdbcType=CHAR},
      </if>
      <if test="readOnly != null">
        READ_ONLY = #{readOnly,jdbcType=CHAR},
      </if>
    </set>
    where CONFIG_ID = #{configId,jdbcType=NUMERIC}
      and CODE = #{code,jdbcType=VARCHAR}
  </update>
  <update id="updateByPrimaryKey" parameterType="tw.com.hjct.jmrs.dao.bean.ConfigValue">
    update "ODS_SYSTEM"."CONFIG_VALUE"
    set VALUE = #{value,jdbcType=NVARCHAR},
      STATE = #{state,jdbcType=CHAR},
      READ_ONLY = #{readOnly,jdbcType=CHAR}
    where CONFIG_ID = #{configId,jdbcType=NUMERIC}
      and CODE = #{code,jdbcType=VARCHAR}
  </update>
</mapper>