<?xml version="1.0" encoding="UTF-8"?>
<!DOCTYPE mapper PUBLIC "-//mybatis.org//DTD Mapper 3.0//EN" "http://mybatis.org/dtd/mybatis-3-mapper.dtd">
<mapper namespace="tw.com.hjct.jmrs.dao.mapper.ConfigMapper">
  <resultMap id="BaseResultMap" type="tw.com.hjct.jmrs.dao.bean.Config">
    <id column="CONFIG_ID" jdbcType="NUMERIC" property="configId" />
    <result column="TYPE" jdbcType="CHAR" property="type" />
    <result column="KEY" jdbcType="VARCHAR" property="key" />
    <result column="READ_ONLY" jdbcType="CHAR" property="readOnly" />
    <result column="NOTE" jdbcType="NVARCHAR" property="note" />
  </resultMap>
  <sql id="Example_Where_Clause">
    <where>
      <foreach collection="oredCriteria" item="criteria" separator="or">
        <if test="criteria.valid">
          <trim prefix="(" prefixOverrides="and" suffix=")">
            <foreach collection="criteria.criteria" item="criterion">
              <choose>
                <when test="criterion.noValue">
                  and ${criterion.condition}
                </when>
                <when test="criterion.singleValue">
                  and ${criterion.condition} #{criterion.value}
                </when>
                <when test="criterion.betweenValue">
                  and ${criterion.condition} #{criterion.value} and #{criterion.secondValue}
                </when>
                <when test="criterion.listValue">
                  and ${criterion.condition}
                  <foreach close=")" collection="criterion.value" item="listItem" open="(" separator=",">
                    #{listItem}
                  </foreach>
                </when>
              </choose>
            </foreach>
          </trim>
        </if>
      </foreach>
    </where>
  </sql>
  <sql id="Update_By_Example_Where_Clause">
    <where>
      <foreach collection="example.oredCriteria" item="criteria" separator="or">
        <if test="criteria.valid">
          <trim prefix="(" prefixOverrides="and" suffix=")">
            <foreach collection="criteria.criteria" item="criterion">
              <choose>
                <when test="criterion.noValue">
                  and ${criterion.condition}
                </when>
                <when test="criterion.singleValue">
                  and ${criterion.condition} #{criterion.value}
                </when>
                <when test="criterion.betweenValue">
                  and ${criterion.condition} #{criterion.value} and #{criterion.secondValue}
                </when>
                <when test="criterion.listValue">
                  and ${criterion.condition}
                  <foreach close=")" collection="criterion.value" item="listItem" open="(" separator=",">
                    #{listItem}
                  </foreach>
                </when>
              </choose>
            </foreach>
          </trim>
        </if>
      </foreach>
    </where>
  </sql>
  <sql id="Base_Column_List">
    CONFIG_ID, TYPE, KEY, READ_ONLY, NOTE
  </sql>
  <select id="selectByExample" parameterType="tw.com.hjct.jmrs.dao.bean.ConfigExample" resultMap="BaseResultMap">
    select
    <if test="distinct">
      distinct
    </if>
    <include refid="Base_Column_List" />
    from "ODS_SYSTEM"."CONFIG"
    <if test="_parameter != null">
      <include refid="Example_Where_Clause" />
    </if>
    <if test="orderByClause != null">
      order by ${orderByClause}
    </if>
  </select>
  <select id="selectByPrimaryKey" parameterType="java.lang.Integer" resultMap="BaseResultMap">
    select 
    <include refid="Base_Column_List" />
    from "ODS_SYSTEM"."CONFIG"
    where CONFIG_ID = #{configId,jdbcType=NUMERIC}
  </select>
  <delete id="deleteByPrimaryKey" parameterType="java.lang.Integer">
    delete from "ODS_SYSTEM"."CONFIG"
    where CONFIG_ID = #{configId,jdbcType=NUMERIC}
  </delete>
  <delete id="deleteByExample" parameterType="tw.com.hjct.jmrs.dao.bean.ConfigExample">
    delete from "ODS_SYSTEM"."CONFIG"
    <if test="_parameter != null">
      <include refid="Example_Where_Clause" />
    </if>
  </delete>
  <insert id="insert" keyColumn="CONFIG_ID" keyProperty="configId" parameterType="tw.com.hjct.jmrs.dao.bean.Config" useGeneratedKeys="true">
    insert into "ODS_SYSTEM"."CONFIG" (TYPE, KEY, READ_ONLY, 
      NOTE)
    values (#{type,jdbcType=CHAR}, #{key,jdbcType=VARCHAR}, #{readOnly,jdbcType=CHAR}, 
      #{note,jdbcType=NVARCHAR})
  </insert>
  <insert id="insertSelective" keyColumn="CONFIG_ID" keyProperty="configId" parameterType="tw.com.hjct.jmrs.dao.bean.Config" useGeneratedKeys="true">
    insert into "ODS_SYSTEM"."CONFIG"
    <trim prefix="(" suffix=")" suffixOverrides=",">
      <if test="type != null">
        TYPE,
      </if>
      <if test="key != null">
        KEY,
      </if>
      <if test="readOnly != null">
        READ_ONLY,
      </if>
      <if test="note != null">
        NOTE,
      </if>
    </trim>
    <trim prefix="values (" suffix=")" suffixOverrides=",">
      <if test="type != null">
        #{type,jdbcType=CHAR},
      </if>
      <if test="key != null">
        #{key,jdbcType=VARCHAR},
      </if>
      <if test="readOnly != null">
        #{readOnly,jdbcType=CHAR},
      </if>
      <if test="note != null">
        #{note,jdbcType=NVARCHAR},
      </if>
    </trim>
  </insert>
  <select id="countByExample" parameterType="tw.com.hjct.jmrs.dao.bean.ConfigExample" resultType="java.lang.Long">
    select count(*) from "ODS_SYSTEM"."CONFIG"
    <if test="_parameter != null">
      <include refid="Example_Where_Clause" />
    </if>
  </select>
  <update id="updateByExampleSelective" parameterType="map">
    update "ODS_SYSTEM"."CONFIG"
    <set>
      <if test="record.configId != null">
        CONFIG_ID = #{record.configId,jdbcType=NUMERIC},
      </if>
      <if test="record.type != null">
        TYPE = #{record.type,jdbcType=CHAR},
      </if>
      <if test="record.key != null">
        KEY = #{record.key,jdbcType=VARCHAR},
      </if>
      <if test="record.readOnly != null">
        READ_ONLY = #{record.readOnly,jdbcType=CHAR},
      </if>
      <if test="record.note != null">
        NOTE = #{record.note,jdbcType=NVARCHAR},
      </if>
    </set>
    <if test="_parameter != null">
      <include refid="Update_By_Example_Where_Clause" />
    </if>
  </update>
  <update id="updateByExample" parameterType="map">
    update "ODS_SYSTEM"."CONFIG"
    set CONFIG_ID = #{record.configId,jdbcType=NUMERIC},
      TYPE = #{record.type,jdbcType=CHAR},
      KEY = #{record.key,jdbcType=VARCHAR},
      READ_ONLY = #{record.readOnly,jdbcType=CHAR},
      NOTE = #{record.note,jdbcType=NVARCHAR}
    <if test="_parameter != null">
      <include refid="Update_By_Example_Where_Clause" />
    </if>
  </update>
  <update id="updateByPrimaryKeySelective" parameterType="tw.com.hjct.jmrs.dao.bean.Config">
    update "ODS_SYSTEM"."CONFIG"
    <set>
      <if test="type != null">
        TYPE = #{type,jdbcType=CHAR},
      </if>
      <if test="key != null">
        KEY = #{key,jdbcType=VARCHAR},
      </if>
      <if test="readOnly != null">
        READ_ONLY = #{readOnly,jdbcType=CHAR},
      </if>
      <if test="note != null">
        NOTE = #{note,jdbcType=NVARCHAR},
      </if>
    </set>
    where CONFIG_ID = #{configId,jdbcType=NUMERIC}
  </update>
  <update id="updateByPrimaryKey" parameterType="tw.com.hjct.jmrs.dao.bean.Config">
    update "ODS_SYSTEM"."CONFIG"
    set TYPE = #{type,jdbcType=CHAR},
      KEY = #{key,jdbcType=VARCHAR},
      READ_ONLY = #{readOnly,jdbcType=CHAR},
      NOTE = #{note,jdbcType=NVARCHAR}
    where CONFIG_ID = #{configId,jdbcType=NUMERIC}
  </update>
</mapper>