<?xml version="1.0" encoding="UTF-8"?>
<!DOCTYPE mapper PUBLIC "-//mybatis.org//DTD Mapper 3.0//EN" "http://mybatis.org/dtd/mybatis-3-mapper.dtd">
<mapper namespace="tw.com.hjct.jmrs.dao.mapper.RdJobSrcInfoMapper">
  <resultMap id="BaseResultMap" type="tw.com.hjct.jmrs.dao.bean.RdJobSrcInfo">
    <id column="NUM" jdbcType="VARCHAR" property="num" />
    <id column="RANCODE" jdbcType="VARCHAR" property="rancode" />
    <result column="JOBNAME" jdbcType="VARCHAR" property="jobname" />
    <result column="NAME" jdbcType="VARCHAR" property="name" />
    <result column="FTFLAG" jdbcType="VARCHAR" property="ftflag" />
    <result column="OWNER" jdbcType="VARCHAR" property="owner" />
    <result column="CTL_FILE" jdbcType="VARCHAR" property="ctlFile" />
    <result column="FOLDER" jdbcType="VARCHAR" property="folder" />
    <result column="CONNAME" jdbcType="VARCHAR" property="conname" />
    <result column="FREGR_EXP" jdbcType="VARCHAR" property="fregrExp" />
    <result column="TWS_ACTION" jdbcType="VARCHAR" property="twsAction" />
    <result column="PRIORITY" jdbcType="VARCHAR" property="priority" />
  </resultMap>
  <sql id="Example_Where_Clause">
    <where>
      <foreach collection="oredCriteria" item="criteria" separator="or">
        <if test="criteria.valid">
          <trim prefix="(" prefixOverrides="and" suffix=")">
            <foreach collection="criteria.criteria" item="criterion">
              <choose>
                <when test="criterion.noValue">
                  and ${criterion.condition}
                </when>
                <when test="criterion.singleValue">
                  and ${criterion.condition} #{criterion.value}
                </when>
                <when test="criterion.betweenValue">
                  and ${criterion.condition} #{criterion.value} and #{criterion.secondValue}
                </when>
                <when test="criterion.listValue">
                  and ${criterion.condition}
                  <foreach close=")" collection="criterion.value" item="listItem" open="(" separator=",">
                    #{listItem}
                  </foreach>
                </when>
              </choose>
            </foreach>
          </trim>
        </if>
      </foreach>
    </where>
  </sql>
  <sql id="Update_By_Example_Where_Clause">
    <where>
      <foreach collection="example.oredCriteria" item="criteria" separator="or">
        <if test="criteria.valid">
          <trim prefix="(" prefixOverrides="and" suffix=")">
            <foreach collection="criteria.criteria" item="criterion">
              <choose>
                <when test="criterion.noValue">
                  and ${criterion.condition}
                </when>
                <when test="criterion.singleValue">
                  and ${criterion.condition} #{criterion.value}
                </when>
                <when test="criterion.betweenValue">
                  and ${criterion.condition} #{criterion.value} and #{criterion.secondValue}
                </when>
                <when test="criterion.listValue">
                  and ${criterion.condition}
                  <foreach close=")" collection="criterion.value" item="listItem" open="(" separator=",">
                    #{listItem}
                  </foreach>
                </when>
              </choose>
            </foreach>
          </trim>
        </if>
      </foreach>
    </where>
  </sql>
  <sql id="Base_Column_List">
    NUM, RANCODE, JOBNAME, NAME, FTFLAG, OWNER, CTL_FILE, FOLDER, CONNAME, FREGR_EXP, 
    TWS_ACTION, PRIORITY
  </sql>
  <select id="selectByExample" parameterType="tw.com.hjct.jmrs.dao.bean.RdJobSrcInfoExample" resultMap="BaseResultMap">
    select
    <if test="distinct">
      distinct
    </if>
    <include refid="Base_Column_List" />
    from "ODS_SYSTEM"."RD_JOBSRCINFO"
    <if test="_parameter != null">
      <include refid="Example_Where_Clause" />
    </if>
    <if test="orderByClause != null">
      order by ${orderByClause}
    </if>
  </select>
  <select id="selectByPrimaryKey" parameterType="tw.com.hjct.jmrs.dao.bean.RdJobSrcInfoKey" resultMap="BaseResultMap">
    select 
    <include refid="Base_Column_List" />
    from "ODS_SYSTEM"."RD_JOBSRCINFO"
    where NUM = #{num,jdbcType=VARCHAR}
      and RANCODE = #{rancode,jdbcType=VARCHAR}
  </select>
  <delete id="deleteByPrimaryKey" parameterType="tw.com.hjct.jmrs.dao.bean.RdJobSrcInfoKey">
    delete from "ODS_SYSTEM"."RD_JOBSRCINFO"
    where NUM = #{num,jdbcType=VARCHAR}
      and RANCODE = #{rancode,jdbcType=VARCHAR}
  </delete>
  <delete id="deleteByExample" parameterType="tw.com.hjct.jmrs.dao.bean.RdJobSrcInfoExample">
    delete from "ODS_SYSTEM"."RD_JOBSRCINFO"
    <if test="_parameter != null">
      <include refid="Example_Where_Clause" />
    </if>
  </delete>
  <insert id="insert" parameterType="tw.com.hjct.jmrs.dao.bean.RdJobSrcInfo">
    insert into "ODS_SYSTEM"."RD_JOBSRCINFO" (NUM, RANCODE, JOBNAME, 
      NAME, FTFLAG, OWNER, 
      CTL_FILE, FOLDER, CONNAME, 
      FREGR_EXP, TWS_ACTION, PRIORITY
      )
    values (#{num,jdbcType=VARCHAR}, #{rancode,jdbcType=VARCHAR}, #{jobname,jdbcType=VARCHAR}, 
      #{name,jdbcType=VARCHAR}, #{ftflag,jdbcType=VARCHAR}, #{owner,jdbcType=VARCHAR}, 
      #{ctlFile,jdbcType=VARCHAR}, #{folder,jdbcType=VARCHAR}, #{conname,jdbcType=VARCHAR}, 
      #{fregrExp,jdbcType=VARCHAR}, #{twsAction,jdbcType=VARCHAR}, #{priority,jdbcType=VARCHAR}
      )
  </insert>
  <insert id="insertSelective" parameterType="tw.com.hjct.jmrs.dao.bean.RdJobSrcInfo">
    insert into "ODS_SYSTEM"."RD_JOBSRCINFO"
    <trim prefix="(" suffix=")" suffixOverrides=",">
      <if test="num != null">
        NUM,
      </if>
      <if test="rancode != null">
        RANCODE,
      </if>
      <if test="jobname != null">
        JOBNAME,
      </if>
      <if test="name != null">
        NAME,
      </if>
      <if test="ftflag != null">
        FTFLAG,
      </if>
      <if test="owner != null">
        OWNER,
      </if>
      <if test="ctlFile != null">
        CTL_FILE,
      </if>
      <if test="folder != null">
        FOLDER,
      </if>
      <if test="conname != null">
        CONNAME,
      </if>
      <if test="fregrExp != null">
        FREGR_EXP,
      </if>
      <if test="twsAction != null">
        TWS_ACTION,
      </if>
      <if test="priority != null">
        PRIORITY,
      </if>
    </trim>
    <trim prefix="values (" suffix=")" suffixOverrides=",">
      <if test="num != null">
        #{num,jdbcType=VARCHAR},
      </if>
      <if test="rancode != null">
        #{rancode,jdbcType=VARCHAR},
      </if>
      <if test="jobname != null">
        #{jobname,jdbcType=VARCHAR},
      </if>
      <if test="name != null">
        #{name,jdbcType=VARCHAR},
      </if>
      <if test="ftflag != null">
        #{ftflag,jdbcType=VARCHAR},
      </if>
      <if test="owner != null">
        #{owner,jdbcType=VARCHAR},
      </if>
      <if test="ctlFile != null">
        #{ctlFile,jdbcType=VARCHAR},
      </if>
      <if test="folder != null">
        #{folder,jdbcType=VARCHAR},
      </if>
      <if test="conname != null">
        #{conname,jdbcType=VARCHAR},
      </if>
      <if test="fregrExp != null">
        #{fregrExp,jdbcType=VARCHAR},
      </if>
      <if test="twsAction != null">
        #{twsAction,jdbcType=VARCHAR},
      </if>
      <if test="priority != null">
        #{priority,jdbcType=VARCHAR},
      </if>
    </trim>
  </insert>
  <select id="countByExample" parameterType="tw.com.hjct.jmrs.dao.bean.RdJobSrcInfoExample" resultType="java.lang.Long">
    select count(*) from "ODS_SYSTEM"."RD_JOBSRCINFO"
    <if test="_parameter != null">
      <include refid="Example_Where_Clause" />
    </if>
  </select>
  <update id="updateByExampleSelective" parameterType="map">
    update "ODS_SYSTEM"."RD_JOBSRCINFO"
    <set>
      <if test="record.num != null">
        NUM = #{record.num,jdbcType=VARCHAR},
      </if>
      <if test="record.rancode != null">
        RANCODE = #{record.rancode,jdbcType=VARCHAR},
      </if>
      <if test="record.jobname != null">
        JOBNAME = #{record.jobname,jdbcType=VARCHAR},
      </if>
      <if test="record.name != null">
        NAME = #{record.name,jdbcType=VARCHAR},
      </if>
      <if test="record.ftflag != null">
        FTFLAG = #{record.ftflag,jdbcType=VARCHAR},
      </if>
      <if test="record.owner != null">
        OWNER = #{record.owner,jdbcType=VARCHAR},
      </if>
      <if test="record.ctlFile != null">
        CTL_FILE = #{record.ctlFile,jdbcType=VARCHAR},
      </if>
      <if test="record.folder != null">
        FOLDER = #{record.folder,jdbcType=VARCHAR},
      </if>
      <if test="record.conname != null">
        CONNAME = #{record.conname,jdbcType=VARCHAR},
      </if>
      <if test="record.fregrExp != null">
        FREGR_EXP = #{record.fregrExp,jdbcType=VARCHAR},
      </if>
      <if test="record.twsAction != null">
        TWS_ACTION = #{record.twsAction,jdbcType=VARCHAR},
      </if>
      <if test="record.priority != null">
        PRIORITY = #{record.priority,jdbcType=VARCHAR},
      </if>
    </set>
    <if test="_parameter != null">
      <include refid="Update_By_Example_Where_Clause" />
    </if>
  </update>
  <update id="updateByExample" parameterType="map">
    update "ODS_SYSTEM"."RD_JOBSRCINFO"
    set NUM = #{record.num,jdbcType=VARCHAR},
      RANCODE = #{record.rancode,jdbcType=VARCHAR},
      JOBNAME = #{record.jobname,jdbcType=VARCHAR},
      NAME = #{record.name,jdbcType=VARCHAR},
      FTFLAG = #{record.ftflag,jdbcType=VARCHAR},
      OWNER = #{record.owner,jdbcType=VARCHAR},
      CTL_FILE = #{record.ctlFile,jdbcType=VARCHAR},
      FOLDER = #{record.folder,jdbcType=VARCHAR},
      CONNAME = #{record.conname,jdbcType=VARCHAR},
      FREGR_EXP = #{record.fregrExp,jdbcType=VARCHAR},
      TWS_ACTION = #{record.twsAction,jdbcType=VARCHAR},
      PRIORITY = #{record.priority,jdbcType=VARCHAR}
    <if test="_parameter != null">
      <include refid="Update_By_Example_Where_Clause" />
    </if>
  </update>
  <update id="updateByPrimaryKeySelective" parameterType="tw.com.hjct.jmrs.dao.bean.RdJobSrcInfo">
    update "ODS_SYSTEM"."RD_JOBSRCINFO"
    <set>
      <if test="jobname != null">
        JOBNAME = #{jobname,jdbcType=VARCHAR},
      </if>
      <if test="name != null">
        NAME = #{name,jdbcType=VARCHAR},
      </if>
      <if test="ftflag != null">
        FTFLAG = #{ftflag,jdbcType=VARCHAR},
      </if>
      <if test="owner != null">
        OWNER = #{owner,jdbcType=VARCHAR},
      </if>
      <if test="ctlFile != null">
        CTL_FILE = #{ctlFile,jdbcType=VARCHAR},
      </if>
      <if test="folder != null">
        FOLDER = #{folder,jdbcType=VARCHAR},
      </if>
      <if test="conname != null">
        CONNAME = #{conname,jdbcType=VARCHAR},
      </if>
      <if test="fregrExp != null">
        FREGR_EXP = #{fregrExp,jdbcType=VARCHAR},
      </if>
      <if test="twsAction != null">
        TWS_ACTION = #{twsAction,jdbcType=VARCHAR},
      </if>
      <if test="priority != null">
        PRIORITY = #{priority,jdbcType=VARCHAR},
      </if>
    </set>
    where NUM = #{num,jdbcType=VARCHAR}
      and RANCODE = #{rancode,jdbcType=VARCHAR}
  </update>
  <update id="updateByPrimaryKey" parameterType="tw.com.hjct.jmrs.dao.bean.RdJobSrcInfo">
    update "ODS_SYSTEM"."RD_JOBSRCINFO"
    set JOBNAME = #{jobname,jdbcType=VARCHAR},
      NAME = #{name,jdbcType=VARCHAR},
      FTFLAG = #{ftflag,jdbcType=VARCHAR},
      OWNER = #{owner,jdbcType=VARCHAR},
      CTL_FILE = #{ctlFile,jdbcType=VARCHAR},
      FOLDER = #{folder,jdbcType=VARCHAR},
      CONNAME = #{conname,jdbcType=VARCHAR},
      FREGR_EXP = #{fregrExp,jdbcType=VARCHAR},
      TWS_ACTION = #{twsAction,jdbcType=VARCHAR},
      PRIORITY = #{priority,jdbcType=VARCHAR}
    where NUM = #{num,jdbcType=VARCHAR}
      and RANCODE = #{rancode,jdbcType=VARCHAR}
  </update>
</mapper>