<?xml version="1.0" encoding="UTF-8"?>
<!DOCTYPE mapper PUBLIC "-//mybatis.org//DTD Mapper 3.0//EN" "http://mybatis.org/dtd/mybatis-3-mapper.dtd">
<mapper namespace="tw.com.hjct.jmrs.dao.mapper.RdJobHashInfoMapper">
  <resultMap id="BaseResultMap" type="tw.com.hjct.jmrs.dao.bean.RdJobHashInfo">
    <id column="NUM" jdbcType="VARCHAR" property="num" />
    <id column="RANCODE" jdbcType="VARCHAR" property="rancode" />
    <result column="JOBNAME" jdbcType="VARCHAR" property="jobname" />
    <result column="NAME" jdbcType="VARCHAR" property="name" />
    <result column="FTFLAG" jdbcType="VARCHAR" property="ftflag" />
    <result column="OWNER" jdbcType="VARCHAR" property="owner" />
    <result column="CONNAME" jdbcType="VARCHAR" property="conname" />
    <result column="FREGR_EXP" jdbcType="VARCHAR" property="fregrExp" />
  </resultMap>
  <sql id="Example_Where_Clause">
    <where>
      <foreach collection="oredCriteria" item="criteria" separator="or">
        <if test="criteria.valid">
          <trim prefix="(" prefixOverrides="and" suffix=")">
            <foreach collection="criteria.criteria" item="criterion">
              <choose>
                <when test="criterion.noValue">
                  and ${criterion.condition}
                </when>
                <when test="criterion.singleValue">
                  and ${criterion.condition} #{criterion.value}
                </when>
                <when test="criterion.betweenValue">
                  and ${criterion.condition} #{criterion.value} and #{criterion.secondValue}
                </when>
                <when test="criterion.listValue">
                  and ${criterion.condition}
                  <foreach close=")" collection="criterion.value" item="listItem" open="(" separator=",">
                    #{listItem}
                  </foreach>
                </when>
              </choose>
            </foreach>
          </trim>
        </if>
      </foreach>
    </where>
  </sql>
  <sql id="Update_By_Example_Where_Clause">
    <where>
      <foreach collection="example.oredCriteria" item="criteria" separator="or">
        <if test="criteria.valid">
          <trim prefix="(" prefixOverrides="and" suffix=")">
            <foreach collection="criteria.criteria" item="criterion">
              <choose>
                <when test="criterion.noValue">
                  and ${criterion.condition}
                </when>
                <when test="criterion.singleValue">
                  and ${criterion.condition} #{criterion.value}
                </when>
                <when test="criterion.betweenValue">
                  and ${criterion.condition} #{criterion.value} and #{criterion.secondValue}
                </when>
                <when test="criterion.listValue">
                  and ${criterion.condition}
                  <foreach close=")" collection="criterion.value" item="listItem" open="(" separator=",">
                    #{listItem}
                  </foreach>
                </when>
              </choose>
            </foreach>
          </trim>
        </if>
      </foreach>
    </where>
  </sql>
  <sql id="Base_Column_List">
    NUM, RANCODE, JOBNAME, NAME, FTFLAG, OWNER, CONNAME, FREGR_EXP
  </sql>
  <select id="selectByExample" parameterType="tw.com.hjct.jmrs.dao.bean.RdJobHashInfoExample" resultMap="BaseResultMap">
    select
    <if test="distinct">
      distinct
    </if>
    <include refid="Base_Column_List" />
    from "ODS_SYSTEM"."RD_JOBHASHINFO"
    <if test="_parameter != null">
      <include refid="Example_Where_Clause" />
    </if>
    <if test="orderByClause != null">
      order by ${orderByClause}
    </if>
  </select>
  <select id="selectByPrimaryKey" parameterType="tw.com.hjct.jmrs.dao.bean.RdJobHashInfoKey" resultMap="BaseResultMap">
    select 
    <include refid="Base_Column_List" />
    from "ODS_SYSTEM"."RD_JOBHASHINFO"
    where NUM = #{num,jdbcType=VARCHAR}
      and RANCODE = #{rancode,jdbcType=VARCHAR}
  </select>
  <delete id="deleteByPrimaryKey" parameterType="tw.com.hjct.jmrs.dao.bean.RdJobHashInfoKey">
    delete from "ODS_SYSTEM"."RD_JOBHASHINFO"
    where NUM = #{num,jdbcType=VARCHAR}
      and RANCODE = #{rancode,jdbcType=VARCHAR}
  </delete>
  <delete id="deleteByExample" parameterType="tw.com.hjct.jmrs.dao.bean.RdJobHashInfoExample">
    delete from "ODS_SYSTEM"."RD_JOBHASHINFO"
    <if test="_parameter != null">
      <include refid="Example_Where_Clause" />
    </if>
  </delete>
  <insert id="insert" parameterType="tw.com.hjct.jmrs.dao.bean.RdJobHashInfo">
    insert into "ODS_SYSTEM"."RD_JOBHASHINFO" (NUM, RANCODE, JOBNAME, 
      NAME, FTFLAG, OWNER, 
      CONNAME, FREGR_EXP)
    values (#{num,jdbcType=VARCHAR}, #{rancode,jdbcType=VARCHAR}, #{jobname,jdbcType=VARCHAR}, 
      #{name,jdbcType=VARCHAR}, #{ftflag,jdbcType=VARCHAR}, #{owner,jdbcType=VARCHAR}, 
      #{conname,jdbcType=VARCHAR}, #{fregrExp,jdbcType=VARCHAR})
  </insert>
  <insert id="insertSelective" parameterType="tw.com.hjct.jmrs.dao.bean.RdJobHashInfo">
    insert into "ODS_SYSTEM"."RD_JOBHASHINFO"
    <trim prefix="(" suffix=")" suffixOverrides=",">
      <if test="num != null">
        NUM,
      </if>
      <if test="rancode != null">
        RANCODE,
      </if>
      <if test="jobname != null">
        JOBNAME,
      </if>
      <if test="name != null">
        NAME,
      </if>
      <if test="ftflag != null">
        FTFLAG,
      </if>
      <if test="owner != null">
        OWNER,
      </if>
      <if test="conname != null">
        CONNAME,
      </if>
      <if test="fregrExp != null">
        FREGR_EXP,
      </if>
    </trim>
    <trim prefix="values (" suffix=")" suffixOverrides=",">
      <if test="num != null">
        #{num,jdbcType=VARCHAR},
      </if>
      <if test="rancode != null">
        #{rancode,jdbcType=VARCHAR},
      </if>
      <if test="jobname != null">
        #{jobname,jdbcType=VARCHAR},
      </if>
      <if test="name != null">
        #{name,jdbcType=VARCHAR},
      </if>
      <if test="ftflag != null">
        #{ftflag,jdbcType=VARCHAR},
      </if>
      <if test="owner != null">
        #{owner,jdbcType=VARCHAR},
      </if>
      <if test="conname != null">
        #{conname,jdbcType=VARCHAR},
      </if>
      <if test="fregrExp != null">
        #{fregrExp,jdbcType=VARCHAR},
      </if>
    </trim>
  </insert>
  <select id="countByExample" parameterType="tw.com.hjct.jmrs.dao.bean.RdJobHashInfoExample" resultType="java.lang.Long">
    select count(*) from "ODS_SYSTEM"."RD_JOBHASHINFO"
    <if test="_parameter != null">
      <include refid="Example_Where_Clause" />
    </if>
  </select>
  <update id="updateByExampleSelective" parameterType="map">
    update "ODS_SYSTEM"."RD_JOBHASHINFO"
    <set>
      <if test="record.num != null">
        NUM = #{record.num,jdbcType=VARCHAR},
      </if>
      <if test="record.rancode != null">
        RANCODE = #{record.rancode,jdbcType=VARCHAR},
      </if>
      <if test="record.jobname != null">
        JOBNAME = #{record.jobname,jdbcType=VARCHAR},
      </if>
      <if test="record.name != null">
        NAME = #{record.name,jdbcType=VARCHAR},
      </if>
      <if test="record.ftflag != null">
        FTFLAG = #{record.ftflag,jdbcType=VARCHAR},
      </if>
      <if test="record.owner != null">
        OWNER = #{record.owner,jdbcType=VARCHAR},
      </if>
      <if test="record.conname != null">
        CONNAME = #{record.conname,jdbcType=VARCHAR},
      </if>
      <if test="record.fregrExp != null">
        FREGR_EXP = #{record.fregrExp,jdbcType=VARCHAR},
      </if>
    </set>
    <if test="_parameter != null">
      <include refid="Update_By_Example_Where_Clause" />
    </if>
  </update>
  <update id="updateByExample" parameterType="map">
    update "ODS_SYSTEM"."RD_JOBHASHINFO"
    set NUM = #{record.num,jdbcType=VARCHAR},
      RANCODE = #{record.rancode,jdbcType=VARCHAR},
      JOBNAME = #{record.jobname,jdbcType=VARCHAR},
      NAME = #{record.name,jdbcType=VARCHAR},
      FTFLAG = #{record.ftflag,jdbcType=VARCHAR},
      OWNER = #{record.owner,jdbcType=VARCHAR},
      CONNAME = #{record.conname,jdbcType=VARCHAR},
      FREGR_EXP = #{record.fregrExp,jdbcType=VARCHAR}
    <if test="_parameter != null">
      <include refid="Update_By_Example_Where_Clause" />
    </if>
  </update>
  <update id="updateByPrimaryKeySelective" parameterType="tw.com.hjct.jmrs.dao.bean.RdJobHashInfo">
    update "ODS_SYSTEM"."RD_JOBHASHINFO"
    <set>
      <if test="jobname != null">
        JOBNAME = #{jobname,jdbcType=VARCHAR},
      </if>
      <if test="name != null">
        NAME = #{name,jdbcType=VARCHAR},
      </if>
      <if test="ftflag != null">
        FTFLAG = #{ftflag,jdbcType=VARCHAR},
      </if>
      <if test="owner != null">
        OWNER = #{owner,jdbcType=VARCHAR},
      </if>
      <if test="conname != null">
        CONNAME = #{conname,jdbcType=VARCHAR},
      </if>
      <if test="fregrExp != null">
        FREGR_EXP = #{fregrExp,jdbcType=VARCHAR},
      </if>
    </set>
    where NUM = #{num,jdbcType=VARCHAR}
      and RANCODE = #{rancode,jdbcType=VARCHAR}
  </update>
  <update id="updateByPrimaryKey" parameterType="tw.com.hjct.jmrs.dao.bean.RdJobHashInfo">
    update "ODS_SYSTEM"."RD_JOBHASHINFO"
    set JOBNAME = #{jobname,jdbcType=VARCHAR},
      NAME = #{name,jdbcType=VARCHAR},
      FTFLAG = #{ftflag,jdbcType=VARCHAR},
      OWNER = #{owner,jdbcType=VARCHAR},
      CONNAME = #{conname,jdbcType=VARCHAR},
      FREGR_EXP = #{fregrExp,jdbcType=VARCHAR}
    where NUM = #{num,jdbcType=VARCHAR}
      and RANCODE = #{rancode,jdbcType=VARCHAR}
  </update>
</mapper>