<?xml version="1.0" encoding="UTF-8"?>
<!DOCTYPE mapper PUBLIC "-//mybatis.org//DTD Mapper 3.0//EN" "http://mybatis.org/dtd/mybatis-3-mapper.dtd">
<mapper namespace="tw.com.hjct.jmrs.dao.mapper.RdJobInfoMapper">
  <resultMap id="BaseResultMap" type="tw.com.hjct.jmrs.dao.bean.RdJobInfo">
    <id column="NUM" jdbcType="VARCHAR" property="num" />
    <result column="JOBNAME" jdbcType="VARCHAR" property="jobname" />
    <result column="JOBSYS" jdbcType="VARCHAR" property="jobsys" />
    <result column="FILE_DESCRIPTION" jdbcType="VARCHAR" property="fileDescription" />
    <result column="JS_NAME" jdbcType="VARCHAR" property="jsName" />
    <result column="FIRST_NAME" jdbcType="VARCHAR" property="firstName" />
    <result column="SECOND_NAME" jdbcType="VARCHAR" property="secondName" />
    <result column="ISDRAFT" jdbcType="VARCHAR" property="isdraft" />
    <result column="GROUP_NAME" jdbcType="VARCHAR" property="groupName" />
    <result column="ISSENDMAIL" jdbcType="VARCHAR" property="issendmail" />
    <result column="MEMO" jdbcType="VARCHAR" property="memo" />
    <result column="JOB_STIME" jdbcType="VARCHAR" property="jobStime" />
    <result column="JOB_ETIME" jdbcType="VARCHAR" property="jobEtime" />
    <result column="ISRUN" jdbcType="VARCHAR" property="isrun" />
    <result column="MFLAG" jdbcType="VARCHAR" property="mflag" />
    <result column="MONITOR" jdbcType="VARCHAR" property="monitor" />
    <result column="DEL_YN" jdbcType="VARCHAR" property="delYn" />
  </resultMap>
  <sql id="Example_Where_Clause">
    <where>
      <foreach collection="oredCriteria" item="criteria" separator="or">
        <if test="criteria.valid">
          <trim prefix="(" prefixOverrides="and" suffix=")">
            <foreach collection="criteria.criteria" item="criterion">
              <choose>
                <when test="criterion.noValue">
                  and ${criterion.condition}
                </when>
                <when test="criterion.singleValue">
                  and ${criterion.condition} #{criterion.value}
                </when>
                <when test="criterion.betweenValue">
                  and ${criterion.condition} #{criterion.value} and #{criterion.secondValue}
                </when>
                <when test="criterion.listValue">
                  and ${criterion.condition}
                  <foreach close=")" collection="criterion.value" item="listItem" open="(" separator=",">
                    #{listItem}
                  </foreach>
                </when>
              </choose>
            </foreach>
          </trim>
        </if>
      </foreach>
    </where>
  </sql>
  <sql id="Update_By_Example_Where_Clause">
    <where>
      <foreach collection="example.oredCriteria" item="criteria" separator="or">
        <if test="criteria.valid">
          <trim prefix="(" prefixOverrides="and" suffix=")">
            <foreach collection="criteria.criteria" item="criterion">
              <choose>
                <when test="criterion.noValue">
                  and ${criterion.condition}
                </when>
                <when test="criterion.singleValue">
                  and ${criterion.condition} #{criterion.value}
                </when>
                <when test="criterion.betweenValue">
                  and ${criterion.condition} #{criterion.value} and #{criterion.secondValue}
                </when>
                <when test="criterion.listValue">
                  and ${criterion.condition}
                  <foreach close=")" collection="criterion.value" item="listItem" open="(" separator=",">
                    #{listItem}
                  </foreach>
                </when>
              </choose>
            </foreach>
          </trim>
        </if>
      </foreach>
    </where>
  </sql>
  <sql id="Base_Column_List">
    NUM, JOBNAME, JOBSYS, FILE_DESCRIPTION, JS_NAME, FIRST_NAME, SECOND_NAME, ISDRAFT, 
    GROUP_NAME, ISSENDMAIL, MEMO, JOB_STIME, JOB_ETIME, ISRUN, MFLAG, MONITOR, DEL_YN
  </sql>
  <select id="selectByExample" parameterType="tw.com.hjct.jmrs.dao.bean.RdJobInfoExample" resultMap="BaseResultMap">
    select
    <if test="distinct">
      distinct
    </if>
    <include refid="Base_Column_List" />
    from "ODS_SYSTEM"."RD_JOBINFO"
    <if test="_parameter != null">
      <include refid="Example_Where_Clause" />
    </if>
    <if test="orderByClause != null">
      order by ${orderByClause}
    </if>
  </select>
  <select id="selectByPrimaryKey" parameterType="java.lang.String" resultMap="BaseResultMap">
    select 
    <include refid="Base_Column_List" />
    from "ODS_SYSTEM"."RD_JOBINFO"
    where NUM = #{num,jdbcType=VARCHAR}
  </select>
  <delete id="deleteByPrimaryKey" parameterType="java.lang.String">
    delete from "ODS_SYSTEM"."RD_JOBINFO"
    where NUM = #{num,jdbcType=VARCHAR}
  </delete>
  <delete id="deleteByExample" parameterType="tw.com.hjct.jmrs.dao.bean.RdJobInfoExample">
    delete from "ODS_SYSTEM"."RD_JOBINFO"
    <if test="_parameter != null">
      <include refid="Example_Where_Clause" />
    </if>
  </delete>
  <insert id="insert" parameterType="tw.com.hjct.jmrs.dao.bean.RdJobInfo">
    insert into "ODS_SYSTEM"."RD_JOBINFO" (NUM, JOBNAME, JOBSYS, 
      FILE_DESCRIPTION, JS_NAME, FIRST_NAME, 
      SECOND_NAME, ISDRAFT, GROUP_NAME, 
      ISSENDMAIL, MEMO, JOB_STIME, 
      JOB_ETIME, ISRUN, MFLAG, 
      MONITOR, DEL_YN)
    values (#{num,jdbcType=VARCHAR}, #{jobname,jdbcType=VARCHAR}, #{jobsys,jdbcType=VARCHAR}, 
      #{fileDescription,jdbcType=VARCHAR}, #{jsName,jdbcType=VARCHAR}, #{firstName,jdbcType=VARCHAR}, 
      #{secondName,jdbcType=VARCHAR}, #{isdraft,jdbcType=VARCHAR}, #{groupName,jdbcType=VARCHAR}, 
      #{issendmail,jdbcType=VARCHAR}, #{memo,jdbcType=VARCHAR}, #{jobStime,jdbcType=VARCHAR}, 
      #{jobEtime,jdbcType=VARCHAR}, #{isrun,jdbcType=VARCHAR}, #{mflag,jdbcType=VARCHAR}, 
      #{monitor,jdbcType=VARCHAR}, #{delYn,jdbcType=VARCHAR})
  </insert>
  <insert id="insertSelective" parameterType="tw.com.hjct.jmrs.dao.bean.RdJobInfo">
    insert into "ODS_SYSTEM"."RD_JOBINFO"
    <trim prefix="(" suffix=")" suffixOverrides=",">
      <if test="num != null">
        NUM,
      </if>
      <if test="jobname != null">
        JOBNAME,
      </if>
      <if test="jobsys != null">
        JOBSYS,
      </if>
      <if test="fileDescription != null">
        FILE_DESCRIPTION,
      </if>
      <if test="jsName != null">
        JS_NAME,
      </if>
      <if test="firstName != null">
        FIRST_NAME,
      </if>
      <if test="secondName != null">
        SECOND_NAME,
      </if>
      <if test="isdraft != null">
        ISDRAFT,
      </if>
      <if test="groupName != null">
        GROUP_NAME,
      </if>
      <if test="issendmail != null">
        ISSENDMAIL,
      </if>
      <if test="memo != null">
        MEMO,
      </if>
      <if test="jobStime != null">
        JOB_STIME,
      </if>
      <if test="jobEtime != null">
        JOB_ETIME,
      </if>
      <if test="isrun != null">
        ISRUN,
      </if>
      <if test="mflag != null">
        MFLAG,
      </if>
      <if test="monitor != null">
        MONITOR,
      </if>
      <if test="delYn != null">
        DEL_YN,
      </if>
    </trim>
    <trim prefix="values (" suffix=")" suffixOverrides=",">
      <if test="num != null">
        #{num,jdbcType=VARCHAR},
      </if>
      <if test="jobname != null">
        #{jobname,jdbcType=VARCHAR},
      </if>
      <if test="jobsys != null">
        #{jobsys,jdbcType=VARCHAR},
      </if>
      <if test="fileDescription != null">
        #{fileDescription,jdbcType=VARCHAR},
      </if>
      <if test="jsName != null">
        #{jsName,jdbcType=VARCHAR},
      </if>
      <if test="firstName != null">
        #{firstName,jdbcType=VARCHAR},
      </if>
      <if test="secondName != null">
        #{secondName,jdbcType=VARCHAR},
      </if>
      <if test="isdraft != null">
        #{isdraft,jdbcType=VARCHAR},
      </if>
      <if test="groupName != null">
        #{groupName,jdbcType=VARCHAR},
      </if>
      <if test="issendmail != null">
        #{issendmail,jdbcType=VARCHAR},
      </if>
      <if test="memo != null">
        #{memo,jdbcType=VARCHAR},
      </if>
      <if test="jobStime != null">
        #{jobStime,jdbcType=VARCHAR},
      </if>
      <if test="jobEtime != null">
        #{jobEtime,jdbcType=VARCHAR},
      </if>
      <if test="isrun != null">
        #{isrun,jdbcType=VARCHAR},
      </if>
      <if test="mflag != null">
        #{mflag,jdbcType=VARCHAR},
      </if>
      <if test="monitor != null">
        #{monitor,jdbcType=VARCHAR},
      </if>
      <if test="delYn != null">
        #{delYn,jdbcType=VARCHAR},
      </if>
    </trim>
  </insert>
  <select id="countByExample" parameterType="tw.com.hjct.jmrs.dao.bean.RdJobInfoExample" resultType="java.lang.Long">
    select count(*) from "ODS_SYSTEM"."RD_JOBINFO"
    <if test="_parameter != null">
      <include refid="Example_Where_Clause" />
    </if>
  </select>
  <update id="updateByExampleSelective" parameterType="map">
    update "ODS_SYSTEM"."RD_JOBINFO"
    <set>
      <if test="record.num != null">
        NUM = #{record.num,jdbcType=VARCHAR},
      </if>
      <if test="record.jobname != null">
        JOBNAME = #{record.jobname,jdbcType=VARCHAR},
      </if>
      <if test="record.jobsys != null">
        JOBSYS = #{record.jobsys,jdbcType=VARCHAR},
      </if>
      <if test="record.fileDescription != null">
        FILE_DESCRIPTION = #{record.fileDescription,jdbcType=VARCHAR},
      </if>
      <if test="record.jsName != null">
        JS_NAME = #{record.jsName,jdbcType=VARCHAR},
      </if>
      <if test="record.firstName != null">
        FIRST_NAME = #{record.firstName,jdbcType=VARCHAR},
      </if>
      <if test="record.secondName != null">
        SECOND_NAME = #{record.secondName,jdbcType=VARCHAR},
      </if>
      <if test="record.isdraft != null">
        ISDRAFT = #{record.isdraft,jdbcType=VARCHAR},
      </if>
      <if test="record.groupName != null">
        GROUP_NAME = #{record.groupName,jdbcType=VARCHAR},
      </if>
      <if test="record.issendmail != null">
        ISSENDMAIL = #{record.issendmail,jdbcType=VARCHAR},
      </if>
      <if test="record.memo != null">
        MEMO = #{record.memo,jdbcType=VARCHAR},
      </if>
      <if test="record.jobStime != null">
        JOB_STIME = #{record.jobStime,jdbcType=VARCHAR},
      </if>
      <if test="record.jobEtime != null">
        JOB_ETIME = #{record.jobEtime,jdbcType=VARCHAR},
      </if>
      <if test="record.isrun != null">
        ISRUN = #{record.isrun,jdbcType=VARCHAR},
      </if>
      <if test="record.mflag != null">
        MFLAG = #{record.mflag,jdbcType=VARCHAR},
      </if>
      <if test="record.monitor != null">
        MONITOR = #{record.monitor,jdbcType=VARCHAR},
      </if>
      <if test="record.delYn != null">
        DEL_YN = #{record.delYn,jdbcType=VARCHAR},
      </if>
    </set>
    <if test="_parameter != null">
      <include refid="Update_By_Example_Where_Clause" />
    </if>
  </update>
  <update id="updateByExample" parameterType="map">
    update "ODS_SYSTEM"."RD_JOBINFO"
    set NUM = #{record.num,jdbcType=VARCHAR},
      JOBNAME = #{record.jobname,jdbcType=VARCHAR},
      JOBSYS = #{record.jobsys,jdbcType=VARCHAR},
      FILE_DESCRIPTION = #{record.fileDescription,jdbcType=VARCHAR},
      JS_NAME = #{record.jsName,jdbcType=VARCHAR},
      FIRST_NAME = #{record.firstName,jdbcType=VARCHAR},
      SECOND_NAME = #{record.secondName,jdbcType=VARCHAR},
      ISDRAFT = #{record.isdraft,jdbcType=VARCHAR},
      GROUP_NAME = #{record.groupName,jdbcType=VARCHAR},
      ISSENDMAIL = #{record.issendmail,jdbcType=VARCHAR},
      MEMO = #{record.memo,jdbcType=VARCHAR},
      JOB_STIME = #{record.jobStime,jdbcType=VARCHAR},
      JOB_ETIME = #{record.jobEtime,jdbcType=VARCHAR},
      ISRUN = #{record.isrun,jdbcType=VARCHAR},
      MFLAG = #{record.mflag,jdbcType=VARCHAR},
      MONITOR = #{record.monitor,jdbcType=VARCHAR},
      DEL_YN = #{record.delYn,jdbcType=VARCHAR}
    <if test="_parameter != null">
      <include refid="Update_By_Example_Where_Clause" />
    </if>
  </update>
  <update id="updateByPrimaryKeySelective" parameterType="tw.com.hjct.jmrs.dao.bean.RdJobInfo">
    update "ODS_SYSTEM"."RD_JOBINFO"
    <set>
      <if test="jobname != null">
        JOBNAME = #{jobname,jdbcType=VARCHAR},
      </if>
      <if test="jobsys != null">
        JOBSYS = #{jobsys,jdbcType=VARCHAR},
      </if>
      <if test="fileDescription != null">
        FILE_DESCRIPTION = #{fileDescription,jdbcType=VARCHAR},
      </if>
      <if test="jsName != null">
        JS_NAME = #{jsName,jdbcType=VARCHAR},
      </if>
      <if test="firstName != null">
        FIRST_NAME = #{firstName,jdbcType=VARCHAR},
      </if>
      <if test="secondName != null">
        SECOND_NAME = #{secondName,jdbcType=VARCHAR},
      </if>
      <if test="isdraft != null">
        ISDRAFT = #{isdraft,jdbcType=VARCHAR},
      </if>
      <if test="groupName != null">
        GROUP_NAME = #{groupName,jdbcType=VARCHAR},
      </if>
      <if test="issendmail != null">
        ISSENDMAIL = #{issendmail,jdbcType=VARCHAR},
      </if>
      <if test="memo != null">
        MEMO = #{memo,jdbcType=VARCHAR},
      </if>
      <if test="jobStime != null">
        JOB_STIME = #{jobStime,jdbcType=VARCHAR},
      </if>
      <if test="jobEtime != null">
        JOB_ETIME = #{jobEtime,jdbcType=VARCHAR},
      </if>
      <if test="isrun != null">
        ISRUN = #{isrun,jdbcType=VARCHAR},
      </if>
      <if test="mflag != null">
        MFLAG = #{mflag,jdbcType=VARCHAR},
      </if>
      <if test="monitor != null">
        MONITOR = #{monitor,jdbcType=VARCHAR},
      </if>
      <if test="delYn != null">
        DEL_YN = #{delYn,jdbcType=VARCHAR},
      </if>
    </set>
    where NUM = #{num,jdbcType=VARCHAR}
  </update>
  <update id="updateByPrimaryKey" parameterType="tw.com.hjct.jmrs.dao.bean.RdJobInfo">
    update "ODS_SYSTEM"."RD_JOBINFO"
    set JOBNAME = #{jobname,jdbcType=VARCHAR},
      JOBSYS = #{jobsys,jdbcType=VARCHAR},
      FILE_DESCRIPTION = #{fileDescription,jdbcType=VARCHAR},
      JS_NAME = #{jsName,jdbcType=VARCHAR},
      FIRST_NAME = #{firstName,jdbcType=VARCHAR},
      SECOND_NAME = #{secondName,jdbcType=VARCHAR},
      ISDRAFT = #{isdraft,jdbcType=VARCHAR},
      GROUP_NAME = #{groupName,jdbcType=VARCHAR},
      ISSENDMAIL = #{issendmail,jdbcType=VARCHAR},
      MEMO = #{memo,jdbcType=VARCHAR},
      JOB_STIME = #{jobStime,jdbcType=VARCHAR},
      JOB_ETIME = #{jobEtime,jdbcType=VARCHAR},
      ISRUN = #{isrun,jdbcType=VARCHAR},
      MFLAG = #{mflag,jdbcType=VARCHAR},
      MONITOR = #{monitor,jdbcType=VARCHAR},
      DEL_YN = #{delYn,jdbcType=VARCHAR}
    where NUM = #{num,jdbcType=VARCHAR}
  </update>
</mapper>