<?xml version="1.0" encoding="UTF-8"?>
<!DOCTYPE mapper PUBLIC "-//mybatis.org//DTD Mapper 3.0//EN" "http://mybatis.org/dtd/mybatis-3-mapper.dtd">
<mapper namespace="tw.com.hjct.jmrs.dao.mapper.RdJobTgtInfoMapper">
  <resultMap id="BaseResultMap" type="tw.com.hjct.jmrs.dao.bean.RdJobTgtInfo">
    <id column="NUM" jdbcType="VARCHAR" property="num" />
    <id column="RANCODE" jdbcType="VARCHAR" property="rancode" />
    <result column="JOBNAME" jdbcType="VARCHAR" property="jobname" />
    <result column="NAME" jdbcType="VARCHAR" property="name" />
    <result column="FTFLAG" jdbcType="VARCHAR" property="ftflag" />
    <result column="OWNER" jdbcType="VARCHAR" property="owner" />
    <result column="FOLDER" jdbcType="VARCHAR" property="folder" />
    <result column="CONNAME" jdbcType="VARCHAR" property="conname" />
    <result column="TGT_NODE" jdbcType="VARCHAR" property="tgtNode" />
    <result column="TGT_DIR" jdbcType="VARCHAR" property="tgtDir" />
    <result column="TGT_FILENAME" jdbcType="VARCHAR" property="tgtFilename" />
    <result column="SRC_FILETYPE" jdbcType="VARCHAR" property="srcFiletype" />
    <result column="TGT_FILETYPE" jdbcType="VARCHAR" property="tgtFiletype" />
  </resultMap>
  <sql id="Example_Where_Clause">
    <where>
      <foreach collection="oredCriteria" item="criteria" separator="or">
        <if test="criteria.valid">
          <trim prefix="(" prefixOverrides="and" suffix=")">
            <foreach collection="criteria.criteria" item="criterion">
              <choose>
                <when test="criterion.noValue">
                  and ${criterion.condition}
                </when>
                <when test="criterion.singleValue">
                  and ${criterion.condition} #{criterion.value}
                </when>
                <when test="criterion.betweenValue">
                  and ${criterion.condition} #{criterion.value} and #{criterion.secondValue}
                </when>
                <when test="criterion.listValue">
                  and ${criterion.condition}
                  <foreach close=")" collection="criterion.value" item="listItem" open="(" separator=",">
                    #{listItem}
                  </foreach>
                </when>
              </choose>
            </foreach>
          </trim>
        </if>
      </foreach>
    </where>
  </sql>
  <sql id="Update_By_Example_Where_Clause">
    <where>
      <foreach collection="example.oredCriteria" item="criteria" separator="or">
        <if test="criteria.valid">
          <trim prefix="(" prefixOverrides="and" suffix=")">
            <foreach collection="criteria.criteria" item="criterion">
              <choose>
                <when test="criterion.noValue">
                  and ${criterion.condition}
                </when>
                <when test="criterion.singleValue">
                  and ${criterion.condition} #{criterion.value}
                </when>
                <when test="criterion.betweenValue">
                  and ${criterion.condition} #{criterion.value} and #{criterion.secondValue}
                </when>
                <when test="criterion.listValue">
                  and ${criterion.condition}
                  <foreach close=")" collection="criterion.value" item="listItem" open="(" separator=",">
                    #{listItem}
                  </foreach>
                </when>
              </choose>
            </foreach>
          </trim>
        </if>
      </foreach>
    </where>
  </sql>
  <sql id="Base_Column_List">
    NUM, RANCODE, JOBNAME, NAME, FTFLAG, OWNER, FOLDER, CONNAME, TGT_NODE, TGT_DIR, TGT_FILENAME, 
    SRC_FILETYPE, TGT_FILETYPE
  </sql>
  <select id="selectByExample" parameterType="tw.com.hjct.jmrs.dao.bean.RdJobTgtInfoExample" resultMap="BaseResultMap">
    select
    <if test="distinct">
      distinct
    </if>
    <include refid="Base_Column_List" />
    from "ODS_SYSTEM"."RD_JOBTGTINFO"
    <if test="_parameter != null">
      <include refid="Example_Where_Clause" />
    </if>
    <if test="orderByClause != null">
      order by ${orderByClause}
    </if>
  </select>
  <select id="selectByPrimaryKey" parameterType="tw.com.hjct.jmrs.dao.bean.RdJobTgtInfoKey" resultMap="BaseResultMap">
    select 
    <include refid="Base_Column_List" />
    from "ODS_SYSTEM"."RD_JOBTGTINFO"
    where NUM = #{num,jdbcType=VARCHAR}
      and RANCODE = #{rancode,jdbcType=VARCHAR}
  </select>
  <delete id="deleteByPrimaryKey" parameterType="tw.com.hjct.jmrs.dao.bean.RdJobTgtInfoKey">
    delete from "ODS_SYSTEM"."RD_JOBTGTINFO"
    where NUM = #{num,jdbcType=VARCHAR}
      and RANCODE = #{rancode,jdbcType=VARCHAR}
  </delete>
  <delete id="deleteByExample" parameterType="tw.com.hjct.jmrs.dao.bean.RdJobTgtInfoExample">
    delete from "ODS_SYSTEM"."RD_JOBTGTINFO"
    <if test="_parameter != null">
      <include refid="Example_Where_Clause" />
    </if>
  </delete>
  <insert id="insert" parameterType="tw.com.hjct.jmrs.dao.bean.RdJobTgtInfo">
    insert into "ODS_SYSTEM"."RD_JOBTGTINFO" (NUM, RANCODE, JOBNAME, 
      NAME, FTFLAG, OWNER, 
      FOLDER, CONNAME, TGT_NODE, 
      TGT_DIR, TGT_FILENAME, SRC_FILETYPE, 
      TGT_FILETYPE)
    values (#{num,jdbcType=VARCHAR}, #{rancode,jdbcType=VARCHAR}, #{jobname,jdbcType=VARCHAR}, 
      #{name,jdbcType=VARCHAR}, #{ftflag,jdbcType=VARCHAR}, #{owner,jdbcType=VARCHAR}, 
      #{folder,jdbcType=VARCHAR}, #{conname,jdbcType=VARCHAR}, #{tgtNode,jdbcType=VARCHAR}, 
      #{tgtDir,jdbcType=VARCHAR}, #{tgtFilename,jdbcType=VARCHAR}, #{srcFiletype,jdbcType=VARCHAR}, 
      #{tgtFiletype,jdbcType=VARCHAR})
  </insert>
  <insert id="insertSelective" parameterType="tw.com.hjct.jmrs.dao.bean.RdJobTgtInfo">
    insert into "ODS_SYSTEM"."RD_JOBTGTINFO"
    <trim prefix="(" suffix=")" suffixOverrides=",">
      <if test="num != null">
        NUM,
      </if>
      <if test="rancode != null">
        RANCODE,
      </if>
      <if test="jobname != null">
        JOBNAME,
      </if>
      <if test="name != null">
        NAME,
      </if>
      <if test="ftflag != null">
        FTFLAG,
      </if>
      <if test="owner != null">
        OWNER,
      </if>
      <if test="folder != null">
        FOLDER,
      </if>
      <if test="conname != null">
        CONNAME,
      </if>
      <if test="tgtNode != null">
        TGT_NODE,
      </if>
      <if test="tgtDir != null">
        TGT_DIR,
      </if>
      <if test="tgtFilename != null">
        TGT_FILENAME,
      </if>
      <if test="srcFiletype != null">
        SRC_FILETYPE,
      </if>
      <if test="tgtFiletype != null">
        TGT_FILETYPE,
      </if>
    </trim>
    <trim prefix="values (" suffix=")" suffixOverrides=",">
      <if test="num != null">
        #{num,jdbcType=VARCHAR},
      </if>
      <if test="rancode != null">
        #{rancode,jdbcType=VARCHAR},
      </if>
      <if test="jobname != null">
        #{jobname,jdbcType=VARCHAR},
      </if>
      <if test="name != null">
        #{name,jdbcType=VARCHAR},
      </if>
      <if test="ftflag != null">
        #{ftflag,jdbcType=VARCHAR},
      </if>
      <if test="owner != null">
        #{owner,jdbcType=VARCHAR},
      </if>
      <if test="folder != null">
        #{folder,jdbcType=VARCHAR},
      </if>
      <if test="conname != null">
        #{conname,jdbcType=VARCHAR},
      </if>
      <if test="tgtNode != null">
        #{tgtNode,jdbcType=VARCHAR},
      </if>
      <if test="tgtDir != null">
        #{tgtDir,jdbcType=VARCHAR},
      </if>
      <if test="tgtFilename != null">
        #{tgtFilename,jdbcType=VARCHAR},
      </if>
      <if test="srcFiletype != null">
        #{srcFiletype,jdbcType=VARCHAR},
      </if>
      <if test="tgtFiletype != null">
        #{tgtFiletype,jdbcType=VARCHAR},
      </if>
    </trim>
  </insert>
  <select id="countByExample" parameterType="tw.com.hjct.jmrs.dao.bean.RdJobTgtInfoExample" resultType="java.lang.Long">
    select count(*) from "ODS_SYSTEM"."RD_JOBTGTINFO"
    <if test="_parameter != null">
      <include refid="Example_Where_Clause" />
    </if>
  </select>
  <update id="updateByExampleSelective" parameterType="map">
    update "ODS_SYSTEM"."RD_JOBTGTINFO"
    <set>
      <if test="record.num != null">
        NUM = #{record.num,jdbcType=VARCHAR},
      </if>
      <if test="record.rancode != null">
        RANCODE = #{record.rancode,jdbcType=VARCHAR},
      </if>
      <if test="record.jobname != null">
        JOBNAME = #{record.jobname,jdbcType=VARCHAR},
      </if>
      <if test="record.name != null">
        NAME = #{record.name,jdbcType=VARCHAR},
      </if>
      <if test="record.ftflag != null">
        FTFLAG = #{record.ftflag,jdbcType=VARCHAR},
      </if>
      <if test="record.owner != null">
        OWNER = #{record.owner,jdbcType=VARCHAR},
      </if>
      <if test="record.folder != null">
        FOLDER = #{record.folder,jdbcType=VARCHAR},
      </if>
      <if test="record.conname != null">
        CONNAME = #{record.conname,jdbcType=VARCHAR},
      </if>
      <if test="record.tgtNode != null">
        TGT_NODE = #{record.tgtNode,jdbcType=VARCHAR},
      </if>
      <if test="record.tgtDir != null">
        TGT_DIR = #{record.tgtDir,jdbcType=VARCHAR},
      </if>
      <if test="record.tgtFilename != null">
        TGT_FILENAME = #{record.tgtFilename,jdbcType=VARCHAR},
      </if>
      <if test="record.srcFiletype != null">
        SRC_FILETYPE = #{record.srcFiletype,jdbcType=VARCHAR},
      </if>
      <if test="record.tgtFiletype != null">
        TGT_FILETYPE = #{record.tgtFiletype,jdbcType=VARCHAR},
      </if>
    </set>
    <if test="_parameter != null">
      <include refid="Update_By_Example_Where_Clause" />
    </if>
  </update>
  <update id="updateByExample" parameterType="map">
    update "ODS_SYSTEM"."RD_JOBTGTINFO"
    set NUM = #{record.num,jdbcType=VARCHAR},
      RANCODE = #{record.rancode,jdbcType=VARCHAR},
      JOBNAME = #{record.jobname,jdbcType=VARCHAR},
      NAME = #{record.name,jdbcType=VARCHAR},
      FTFLAG = #{record.ftflag,jdbcType=VARCHAR},
      OWNER = #{record.owner,jdbcType=VARCHAR},
      FOLDER = #{record.folder,jdbcType=VARCHAR},
      CONNAME = #{record.conname,jdbcType=VARCHAR},
      TGT_NODE = #{record.tgtNode,jdbcType=VARCHAR},
      TGT_DIR = #{record.tgtDir,jdbcType=VARCHAR},
      TGT_FILENAME = #{record.tgtFilename,jdbcType=VARCHAR},
      SRC_FILETYPE = #{record.srcFiletype,jdbcType=VARCHAR},
      TGT_FILETYPE = #{record.tgtFiletype,jdbcType=VARCHAR}
    <if test="_parameter != null">
      <include refid="Update_By_Example_Where_Clause" />
    </if>
  </update>
  <update id="updateByPrimaryKeySelective" parameterType="tw.com.hjct.jmrs.dao.bean.RdJobTgtInfo">
    update "ODS_SYSTEM"."RD_JOBTGTINFO"
    <set>
      <if test="jobname != null">
        JOBNAME = #{jobname,jdbcType=VARCHAR},
      </if>
      <if test="name != null">
        NAME = #{name,jdbcType=VARCHAR},
      </if>
      <if test="ftflag != null">
        FTFLAG = #{ftflag,jdbcType=VARCHAR},
      </if>
      <if test="owner != null">
        OWNER = #{owner,jdbcType=VARCHAR},
      </if>
      <if test="folder != null">
        FOLDER = #{folder,jdbcType=VARCHAR},
      </if>
      <if test="conname != null">
        CONNAME = #{conname,jdbcType=VARCHAR},
      </if>
      <if test="tgtNode != null">
        TGT_NODE = #{tgtNode,jdbcType=VARCHAR},
      </if>
      <if test="tgtDir != null">
        TGT_DIR = #{tgtDir,jdbcType=VARCHAR},
      </if>
      <if test="tgtFilename != null">
        TGT_FILENAME = #{tgtFilename,jdbcType=VARCHAR},
      </if>
      <if test="srcFiletype != null">
        SRC_FILETYPE = #{srcFiletype,jdbcType=VARCHAR},
      </if>
      <if test="tgtFiletype != null">
        TGT_FILETYPE = #{tgtFiletype,jdbcType=VARCHAR},
      </if>
    </set>
    where NUM = #{num,jdbcType=VARCHAR}
      and RANCODE = #{rancode,jdbcType=VARCHAR}
  </update>
  <update id="updateByPrimaryKey" parameterType="tw.com.hjct.jmrs.dao.bean.RdJobTgtInfo">
    update "ODS_SYSTEM"."RD_JOBTGTINFO"
    set JOBNAME = #{jobname,jdbcType=VARCHAR},
      NAME = #{name,jdbcType=VARCHAR},
      FTFLAG = #{ftflag,jdbcType=VARCHAR},
      OWNER = #{owner,jdbcType=VARCHAR},
      FOLDER = #{folder,jdbcType=VARCHAR},
      CONNAME = #{conname,jdbcType=VARCHAR},
      TGT_NODE = #{tgtNode,jdbcType=VARCHAR},
      TGT_DIR = #{tgtDir,jdbcType=VARCHAR},
      TGT_FILENAME = #{tgtFilename,jdbcType=VARCHAR},
      SRC_FILETYPE = #{srcFiletype,jdbcType=VARCHAR},
      TGT_FILETYPE = #{tgtFiletype,jdbcType=VARCHAR}
    where NUM = #{num,jdbcType=VARCHAR}
      and RANCODE = #{rancode,jdbcType=VARCHAR}
  </update>
</mapper>