<?xml version="1.0" encoding="UTF-8"?>
<!DOCTYPE mapper PUBLIC "-//mybatis.org//DTD Mapper 3.0//EN" "http://mybatis.org/dtd/mybatis-3-mapper.dtd">
<mapper namespace="tw.com.hjct.jmrs.dao.mapper.RdOsHousekeepingMapper">
  <resultMap id="BaseResultMap" type="tw.com.hjct.jmrs.dao.bean.RdOsHousekeeping">
    <id column="FOLDER" jdbcType="VARCHAR" property="folder" />
    <id column="RS_FLAG" jdbcType="VARCHAR" property="rsFlag" />
    <id column="ACTION" jdbcType="VARCHAR" property="action" />
    <result column="ACTION_NAME" jdbcType="VARCHAR" property="actionName" />
    <result column="EXPIREDATE" jdbcType="VARCHAR" property="expiredate" />
    <result column="DESTINATION" jdbcType="VARCHAR" property="destination" />
  </resultMap>
  <sql id="Example_Where_Clause">
    <where>
      <foreach collection="oredCriteria" item="criteria" separator="or">
        <if test="criteria.valid">
          <trim prefix="(" prefixOverrides="and" suffix=")">
            <foreach collection="criteria.criteria" item="criterion">
              <choose>
                <when test="criterion.noValue">
                  and ${criterion.condition}
                </when>
                <when test="criterion.singleValue">
                  and ${criterion.condition} #{criterion.value}
                </when>
                <when test="criterion.betweenValue">
                  and ${criterion.condition} #{criterion.value} and #{criterion.secondValue}
                </when>
                <when test="criterion.listValue">
                  and ${criterion.condition}
                  <foreach close=")" collection="criterion.value" item="listItem" open="(" separator=",">
                    #{listItem}
                  </foreach>
                </when>
              </choose>
            </foreach>
          </trim>
        </if>
      </foreach>
    </where>
  </sql>
  <sql id="Update_By_Example_Where_Clause">
    <where>
      <foreach collection="example.oredCriteria" item="criteria" separator="or">
        <if test="criteria.valid">
          <trim prefix="(" prefixOverrides="and" suffix=")">
            <foreach collection="criteria.criteria" item="criterion">
              <choose>
                <when test="criterion.noValue">
                  and ${criterion.condition}
                </when>
                <when test="criterion.singleValue">
                  and ${criterion.condition} #{criterion.value}
                </when>
                <when test="criterion.betweenValue">
                  and ${criterion.condition} #{criterion.value} and #{criterion.secondValue}
                </when>
                <when test="criterion.listValue">
                  and ${criterion.condition}
                  <foreach close=")" collection="criterion.value" item="listItem" open="(" separator=",">
                    #{listItem}
                  </foreach>
                </when>
              </choose>
            </foreach>
          </trim>
        </if>
      </foreach>
    </where>
  </sql>
  <sql id="Base_Column_List">
    FOLDER, RS_FLAG, ACTION, ACTION_NAME, EXPIREDATE, DESTINATION
  </sql>
  <select id="selectByExample" parameterType="tw.com.hjct.jmrs.dao.bean.RdOsHousekeepingExample" resultMap="BaseResultMap">
    select
    <if test="distinct">
      distinct
    </if>
    <include refid="Base_Column_List" />
    from "ODS_SYSTEM"."RD_OS_HOUSEKEEPING"
    <if test="_parameter != null">
      <include refid="Example_Where_Clause" />
    </if>
    <if test="orderByClause != null">
      order by ${orderByClause}
    </if>
  </select>
  <select id="selectByPrimaryKey" parameterType="tw.com.hjct.jmrs.dao.bean.RdOsHousekeepingKey" resultMap="BaseResultMap">
    select 
    <include refid="Base_Column_List" />
    from "ODS_SYSTEM"."RD_OS_HOUSEKEEPING"
    where FOLDER = #{folder,jdbcType=VARCHAR}
      and RS_FLAG = #{rsFlag,jdbcType=VARCHAR}
      and ACTION = #{action,jdbcType=VARCHAR}
  </select>
  <delete id="deleteByPrimaryKey" parameterType="tw.com.hjct.jmrs.dao.bean.RdOsHousekeepingKey">
    delete from "ODS_SYSTEM"."RD_OS_HOUSEKEEPING"
    where FOLDER = #{folder,jdbcType=VARCHAR}
      and RS_FLAG = #{rsFlag,jdbcType=VARCHAR}
      and ACTION = #{action,jdbcType=VARCHAR}
  </delete>
  <delete id="deleteByExample" parameterType="tw.com.hjct.jmrs.dao.bean.RdOsHousekeepingExample">
    delete from "ODS_SYSTEM"."RD_OS_HOUSEKEEPING"
    <if test="_parameter != null">
      <include refid="Example_Where_Clause" />
    </if>
  </delete>
  <insert id="insert" parameterType="tw.com.hjct.jmrs.dao.bean.RdOsHousekeeping">
    insert into "ODS_SYSTEM"."RD_OS_HOUSEKEEPING" (FOLDER, RS_FLAG, ACTION, 
      ACTION_NAME, EXPIREDATE, DESTINATION
      )
    values (#{folder,jdbcType=VARCHAR}, #{rsFlag,jdbcType=VARCHAR}, #{action,jdbcType=VARCHAR}, 
      #{actionName,jdbcType=VARCHAR}, #{expiredate,jdbcType=VARCHAR}, #{destination,jdbcType=VARCHAR}
      )
  </insert>
  <insert id="insertSelective" parameterType="tw.com.hjct.jmrs.dao.bean.RdOsHousekeeping">
    insert into "ODS_SYSTEM"."RD_OS_HOUSEKEEPING"
    <trim prefix="(" suffix=")" suffixOverrides=",">
      <if test="folder != null">
        FOLDER,
      </if>
      <if test="rsFlag != null">
        RS_FLAG,
      </if>
      <if test="action != null">
        ACTION,
      </if>
      <if test="actionName != null">
        ACTION_NAME,
      </if>
      <if test="expiredate != null">
        EXPIREDATE,
      </if>
      <if test="destination != null">
        DESTINATION,
      </if>
    </trim>
    <trim prefix="values (" suffix=")" suffixOverrides=",">
      <if test="folder != null">
        #{folder,jdbcType=VARCHAR},
      </if>
      <if test="rsFlag != null">
        #{rsFlag,jdbcType=VARCHAR},
      </if>
      <if test="action != null">
        #{action,jdbcType=VARCHAR},
      </if>
      <if test="actionName != null">
        #{actionName,jdbcType=VARCHAR},
      </if>
      <if test="expiredate != null">
        #{expiredate,jdbcType=VARCHAR},
      </if>
      <if test="destination != null">
        #{destination,jdbcType=VARCHAR},
      </if>
    </trim>
  </insert>
  <select id="countByExample" parameterType="tw.com.hjct.jmrs.dao.bean.RdOsHousekeepingExample" resultType="java.lang.Long">
    select count(*) from "ODS_SYSTEM"."RD_OS_HOUSEKEEPING"
    <if test="_parameter != null">
      <include refid="Example_Where_Clause" />
    </if>
  </select>
  <update id="updateByExampleSelective" parameterType="map">
    update "ODS_SYSTEM"."RD_OS_HOUSEKEEPING"
    <set>
      <if test="record.folder != null">
        FOLDER = #{record.folder,jdbcType=VARCHAR},
      </if>
      <if test="record.rsFlag != null">
        RS_FLAG = #{record.rsFlag,jdbcType=VARCHAR},
      </if>
      <if test="record.action != null">
        ACTION = #{record.action,jdbcType=VARCHAR},
      </if>
      <if test="record.actionName != null">
        ACTION_NAME = #{record.actionName,jdbcType=VARCHAR},
      </if>
      <if test="record.expiredate != null">
        EXPIREDATE = #{record.expiredate,jdbcType=VARCHAR},
      </if>
      <if test="record.destination != null">
        DESTINATION = #{record.destination,jdbcType=VARCHAR},
      </if>
    </set>
    <if test="_parameter != null">
      <include refid="Update_By_Example_Where_Clause" />
    </if>
  </update>
  <update id="updateByExample" parameterType="map">
    update "ODS_SYSTEM"."RD_OS_HOUSEKEEPING"
    set FOLDER = #{record.folder,jdbcType=VARCHAR},
      RS_FLAG = #{record.rsFlag,jdbcType=VARCHAR},
      ACTION = #{record.action,jdbcType=VARCHAR},
      ACTION_NAME = #{record.actionName,jdbcType=VARCHAR},
      EXPIREDATE = #{record.expiredate,jdbcType=VARCHAR},
      DESTINATION = #{record.destination,jdbcType=VARCHAR}
    <if test="_parameter != null">
      <include refid="Update_By_Example_Where_Clause" />
    </if>
  </update>
  <update id="updateByPrimaryKeySelective" parameterType="tw.com.hjct.jmrs.dao.bean.RdOsHousekeeping">
    update "ODS_SYSTEM"."RD_OS_HOUSEKEEPING"
    <set>
      <if test="actionName != null">
        ACTION_NAME = #{actionName,jdbcType=VARCHAR},
      </if>
      <if test="expiredate != null">
        EXPIREDATE = #{expiredate,jdbcType=VARCHAR},
      </if>
      <if test="destination != null">
        DESTINATION = #{destination,jdbcType=VARCHAR},
      </if>
    </set>
    where FOLDER = #{folder,jdbcType=VARCHAR}
      and RS_FLAG = #{rsFlag,jdbcType=VARCHAR}
      and ACTION = #{action,jdbcType=VARCHAR}
  </update>
  <update id="updateByPrimaryKey" parameterType="tw.com.hjct.jmrs.dao.bean.RdOsHousekeeping">
    update "ODS_SYSTEM"."RD_OS_HOUSEKEEPING"
    set ACTION_NAME = #{actionName,jdbcType=VARCHAR},
      EXPIREDATE = #{expiredate,jdbcType=VARCHAR},
      DESTINATION = #{destination,jdbcType=VARCHAR}
    where FOLDER = #{folder,jdbcType=VARCHAR}
      and RS_FLAG = #{rsFlag,jdbcType=VARCHAR}
      and ACTION = #{action,jdbcType=VARCHAR}
  </update>
</mapper>