<?xml version="1.0" encoding="UTF-8"?>
<!DOCTYPE mapper PUBLIC "-//mybatis.org//DTD Mapper 3.0//EN" "http://mybatis.org/dtd/mybatis-3-mapper.dtd">
<mapper namespace="tw.com.hjct.jmrs.dao.mapper.RdSubmitJobMapper">
  <resultMap id="BaseResultMap" type="tw.com.hjct.jmrs.dao.bean.RdSubmitJob">
    <result column="NUM" jdbcType="VARCHAR" property="num" />
    <result column="MAIN_JSNAME" jdbcType="VARCHAR" property="mainJsname" />
    <result column="MAIN_JOBNAME" jdbcType="VARCHAR" property="mainJobname" />
    <result column="SUB_JOBNAME" jdbcType="VARCHAR" property="subJobname" />
  </resultMap>
  <sql id="Example_Where_Clause">
    <where>
      <foreach collection="oredCriteria" item="criteria" separator="or">
        <if test="criteria.valid">
          <trim prefix="(" prefixOverrides="and" suffix=")">
            <foreach collection="criteria.criteria" item="criterion">
              <choose>
                <when test="criterion.noValue">
                  and ${criterion.condition}
                </when>
                <when test="criterion.singleValue">
                  and ${criterion.condition} #{criterion.value}
                </when>
                <when test="criterion.betweenValue">
                  and ${criterion.condition} #{criterion.value} and #{criterion.secondValue}
                </when>
                <when test="criterion.listValue">
                  and ${criterion.condition}
                  <foreach close=")" collection="criterion.value" item="listItem" open="(" separator=",">
                    #{listItem}
                  </foreach>
                </when>
              </choose>
            </foreach>
          </trim>
        </if>
      </foreach>
    </where>
  </sql>
  <sql id="Update_By_Example_Where_Clause">
    <where>
      <foreach collection="example.oredCriteria" item="criteria" separator="or">
        <if test="criteria.valid">
          <trim prefix="(" prefixOverrides="and" suffix=")">
            <foreach collection="criteria.criteria" item="criterion">
              <choose>
                <when test="criterion.noValue">
                  and ${criterion.condition}
                </when>
                <when test="criterion.singleValue">
                  and ${criterion.condition} #{criterion.value}
                </when>
                <when test="criterion.betweenValue">
                  and ${criterion.condition} #{criterion.value} and #{criterion.secondValue}
                </when>
                <when test="criterion.listValue">
                  and ${criterion.condition}
                  <foreach close=")" collection="criterion.value" item="listItem" open="(" separator=",">
                    #{listItem}
                  </foreach>
                </when>
              </choose>
            </foreach>
          </trim>
        </if>
      </foreach>
    </where>
  </sql>
  <sql id="Base_Column_List">
    NUM, MAIN_JSNAME, MAIN_JOBNAME, SUB_JOBNAME
  </sql>
  <select id="selectByExample" parameterType="tw.com.hjct.jmrs.dao.bean.RdSubmitJobExample" resultMap="BaseResultMap">
    select
    <if test="distinct">
      distinct
    </if>
    <include refid="Base_Column_List" />
    from "ODS_SYSTEM"."RD_SUBMITJOB"
    <if test="_parameter != null">
      <include refid="Example_Where_Clause" />
    </if>
    <if test="orderByClause != null">
      order by ${orderByClause}
    </if>
  </select>
  <delete id="deleteByExample" parameterType="tw.com.hjct.jmrs.dao.bean.RdSubmitJobExample">
    delete from "ODS_SYSTEM"."RD_SUBMITJOB"
    <if test="_parameter != null">
      <include refid="Example_Where_Clause" />
    </if>
  </delete>
  <insert id="insert" parameterType="tw.com.hjct.jmrs.dao.bean.RdSubmitJob">
    insert into "ODS_SYSTEM"."RD_SUBMITJOB" (NUM, MAIN_JSNAME, MAIN_JOBNAME, 
      SUB_JOBNAME)
    values (#{num,jdbcType=VARCHAR}, #{mainJsname,jdbcType=VARCHAR}, #{mainJobname,jdbcType=VARCHAR}, 
      #{subJobname,jdbcType=VARCHAR})
  </insert>
  <insert id="insertSelective" parameterType="tw.com.hjct.jmrs.dao.bean.RdSubmitJob">
    insert into "ODS_SYSTEM"."RD_SUBMITJOB"
    <trim prefix="(" suffix=")" suffixOverrides=",">
      <if test="num != null">
        NUM,
      </if>
      <if test="mainJsname != null">
        MAIN_JSNAME,
      </if>
      <if test="mainJobname != null">
        MAIN_JOBNAME,
      </if>
      <if test="subJobname != null">
        SUB_JOBNAME,
      </if>
    </trim>
    <trim prefix="values (" suffix=")" suffixOverrides=",">
      <if test="num != null">
        #{num,jdbcType=VARCHAR},
      </if>
      <if test="mainJsname != null">
        #{mainJsname,jdbcType=VARCHAR},
      </if>
      <if test="mainJobname != null">
        #{mainJobname,jdbcType=VARCHAR},
      </if>
      <if test="subJobname != null">
        #{subJobname,jdbcType=VARCHAR},
      </if>
    </trim>
  </insert>
  <select id="countByExample" parameterType="tw.com.hjct.jmrs.dao.bean.RdSubmitJobExample" resultType="java.lang.Long">
    select count(*) from "ODS_SYSTEM"."RD_SUBMITJOB"
    <if test="_parameter != null">
      <include refid="Example_Where_Clause" />
    </if>
  </select>
  <update id="updateByExampleSelective" parameterType="map">
    update "ODS_SYSTEM"."RD_SUBMITJOB"
    <set>
      <if test="record.num != null">
        NUM = #{record.num,jdbcType=VARCHAR},
      </if>
      <if test="record.mainJsname != null">
        MAIN_JSNAME = #{record.mainJsname,jdbcType=VARCHAR},
      </if>
      <if test="record.mainJobname != null">
        MAIN_JOBNAME = #{record.mainJobname,jdbcType=VARCHAR},
      </if>
      <if test="record.subJobname != null">
        SUB_JOBNAME = #{record.subJobname,jdbcType=VARCHAR},
      </if>
    </set>
    <if test="_parameter != null">
      <include refid="Update_By_Example_Where_Clause" />
    </if>
  </update>
  <update id="updateByExample" parameterType="map">
    update "ODS_SYSTEM"."RD_SUBMITJOB"
    set NUM = #{record.num,jdbcType=VARCHAR},
      MAIN_JSNAME = #{record.mainJsname,jdbcType=VARCHAR},
      MAIN_JOBNAME = #{record.mainJobname,jdbcType=VARCHAR},
      SUB_JOBNAME = #{record.subJobname,jdbcType=VARCHAR}
    <if test="_parameter != null">
      <include refid="Update_By_Example_Where_Clause" />
    </if>
  </update>
</mapper>