<?xml version="1.0" encoding="UTF-8"?>
<!DOCTYPE mapper PUBLIC "-//mybatis.org//DTD Mapper 3.0//EN" "http://mybatis.org/dtd/mybatis-3-mapper.dtd">
<mapper namespace="tw.com.hjct.jmrs.dao.mapper.SidbHousekeepingMapper">
  <resultMap id="BaseResultMap" type="tw.com.hjct.jmrs.dao.bean.SidbHousekeeping">
    <id column="OWNER" jdbcType="VARCHAR" property="owner" />
    <id column="TABLE_NAME" jdbcType="VARCHAR" property="tableName" />
    <id column="COLUMN_NAME" jdbcType="VARCHAR" property="columnName" />
    <result column="PERIOD" jdbcType="VARCHAR" property="period" />
    <result column="REGIST_EMP" jdbcType="VARCHAR" property="registEmp" />
    <result column="RC_NUM" jdbcType="VARCHAR" property="rcNum" />
    <result column="FREQUENCY" jdbcType="VARCHAR" property="frequency" />
  </resultMap>
  <sql id="Example_Where_Clause">
    <where>
      <foreach collection="oredCriteria" item="criteria" separator="or">
        <if test="criteria.valid">
          <trim prefix="(" prefixOverrides="and" suffix=")">
            <foreach collection="criteria.criteria" item="criterion">
              <choose>
                <when test="criterion.noValue">
                  and ${criterion.condition}
                </when>
                <when test="criterion.singleValue">
                  and ${criterion.condition} #{criterion.value}
                </when>
                <when test="criterion.betweenValue">
                  and ${criterion.condition} #{criterion.value} and #{criterion.secondValue}
                </when>
                <when test="criterion.listValue">
                  and ${criterion.condition}
                  <foreach close=")" collection="criterion.value" item="listItem" open="(" separator=",">
                    #{listItem}
                  </foreach>
                </when>
              </choose>
            </foreach>
          </trim>
        </if>
      </foreach>
    </where>
  </sql>
  <sql id="Update_By_Example_Where_Clause">
    <where>
      <foreach collection="example.oredCriteria" item="criteria" separator="or">
        <if test="criteria.valid">
          <trim prefix="(" prefixOverrides="and" suffix=")">
            <foreach collection="criteria.criteria" item="criterion">
              <choose>
                <when test="criterion.noValue">
                  and ${criterion.condition}
                </when>
                <when test="criterion.singleValue">
                  and ${criterion.condition} #{criterion.value}
                </when>
                <when test="criterion.betweenValue">
                  and ${criterion.condition} #{criterion.value} and #{criterion.secondValue}
                </when>
                <when test="criterion.listValue">
                  and ${criterion.condition}
                  <foreach close=")" collection="criterion.value" item="listItem" open="(" separator=",">
                    #{listItem}
                  </foreach>
                </when>
              </choose>
            </foreach>
          </trim>
        </if>
      </foreach>
    </where>
  </sql>
  <sql id="Base_Column_List">
    OWNER, TABLE_NAME, COLUMN_NAME, PERIOD, REGIST_EMP, RC_NUM, FREQUENCY
  </sql>
  <select id="selectByExample" parameterType="tw.com.hjct.jmrs.dao.bean.SidbHousekeepingExample" resultMap="BaseResultMap">
    select
    <if test="distinct">
      distinct
    </if>
    <include refid="Base_Column_List" />
    from "ODS_SYSTEM"."SIDB_HOUSEKEEPING"
    <if test="_parameter != null">
      <include refid="Example_Where_Clause" />
    </if>
    <if test="orderByClause != null">
      order by ${orderByClause}
    </if>
  </select>
  <select id="selectByPrimaryKey" parameterType="tw.com.hjct.jmrs.dao.bean.SidbHousekeepingKey" resultMap="BaseResultMap">
    select 
    <include refid="Base_Column_List" />
    from "ODS_SYSTEM"."SIDB_HOUSEKEEPING"
    where OWNER = #{owner,jdbcType=VARCHAR}
      and TABLE_NAME = #{tableName,jdbcType=VARCHAR}
      and COLUMN_NAME = #{columnName,jdbcType=VARCHAR}
  </select>
  <delete id="deleteByPrimaryKey" parameterType="tw.com.hjct.jmrs.dao.bean.SidbHousekeepingKey">
    delete from "ODS_SYSTEM"."SIDB_HOUSEKEEPING"
    where OWNER = #{owner,jdbcType=VARCHAR}
      and TABLE_NAME = #{tableName,jdbcType=VARCHAR}
      and COLUMN_NAME = #{columnName,jdbcType=VARCHAR}
  </delete>
  <delete id="deleteByExample" parameterType="tw.com.hjct.jmrs.dao.bean.SidbHousekeepingExample">
    delete from "ODS_SYSTEM"."SIDB_HOUSEKEEPING"
    <if test="_parameter != null">
      <include refid="Example_Where_Clause" />
    </if>
  </delete>
  <insert id="insert" parameterType="tw.com.hjct.jmrs.dao.bean.SidbHousekeeping">
    insert into "ODS_SYSTEM"."SIDB_HOUSEKEEPING" (OWNER, TABLE_NAME, COLUMN_NAME, 
      PERIOD, REGIST_EMP, RC_NUM, 
      FREQUENCY)
    values (#{owner,jdbcType=VARCHAR}, #{tableName,jdbcType=VARCHAR}, #{columnName,jdbcType=VARCHAR}, 
      #{period,jdbcType=VARCHAR}, #{registEmp,jdbcType=VARCHAR}, #{rcNum,jdbcType=VARCHAR}, 
      #{frequency,jdbcType=VARCHAR})
  </insert>
  <insert id="insertSelective" parameterType="tw.com.hjct.jmrs.dao.bean.SidbHousekeeping">
    insert into "ODS_SYSTEM"."SIDB_HOUSEKEEPING"
    <trim prefix="(" suffix=")" suffixOverrides=",">
      <if test="owner != null">
        OWNER,
      </if>
      <if test="tableName != null">
        TABLE_NAME,
      </if>
      <if test="columnName != null">
        COLUMN_NAME,
      </if>
      <if test="period != null">
        PERIOD,
      </if>
      <if test="registEmp != null">
        REGIST_EMP,
      </if>
      <if test="rcNum != null">
        RC_NUM,
      </if>
      <if test="frequency != null">
        FREQUENCY,
      </if>
    </trim>
    <trim prefix="values (" suffix=")" suffixOverrides=",">
      <if test="owner != null">
        #{owner,jdbcType=VARCHAR},
      </if>
      <if test="tableName != null">
        #{tableName,jdbcType=VARCHAR},
      </if>
      <if test="columnName != null">
        #{columnName,jdbcType=VARCHAR},
      </if>
      <if test="period != null">
        #{period,jdbcType=VARCHAR},
      </if>
      <if test="registEmp != null">
        #{registEmp,jdbcType=VARCHAR},
      </if>
      <if test="rcNum != null">
        #{rcNum,jdbcType=VARCHAR},
      </if>
      <if test="frequency != null">
        #{frequency,jdbcType=VARCHAR},
      </if>
    </trim>
  </insert>
  <select id="countByExample" parameterType="tw.com.hjct.jmrs.dao.bean.SidbHousekeepingExample" resultType="java.lang.Long">
    select count(*) from "ODS_SYSTEM"."SIDB_HOUSEKEEPING"
    <if test="_parameter != null">
      <include refid="Example_Where_Clause" />
    </if>
  </select>
  <update id="updateByExampleSelective" parameterType="map">
    update "ODS_SYSTEM"."SIDB_HOUSEKEEPING"
    <set>
      <if test="record.owner != null">
        OWNER = #{record.owner,jdbcType=VARCHAR},
      </if>
      <if test="record.tableName != null">
        TABLE_NAME = #{record.tableName,jdbcType=VARCHAR},
      </if>
      <if test="record.columnName != null">
        COLUMN_NAME = #{record.columnName,jdbcType=VARCHAR},
      </if>
      <if test="record.period != null">
        PERIOD = #{record.period,jdbcType=VARCHAR},
      </if>
      <if test="record.registEmp != null">
        REGIST_EMP = #{record.registEmp,jdbcType=VARCHAR},
      </if>
      <if test="record.rcNum != null">
        RC_NUM = #{record.rcNum,jdbcType=VARCHAR},
      </if>
      <if test="record.frequency != null">
        FREQUENCY = #{record.frequency,jdbcType=VARCHAR},
      </if>
    </set>
    <if test="_parameter != null">
      <include refid="Update_By_Example_Where_Clause" />
    </if>
  </update>
  <update id="updateByExample" parameterType="map">
    update "ODS_SYSTEM"."SIDB_HOUSEKEEPING"
    set OWNER = #{record.owner,jdbcType=VARCHAR},
      TABLE_NAME = #{record.tableName,jdbcType=VARCHAR},
      COLUMN_NAME = #{record.columnName,jdbcType=VARCHAR},
      PERIOD = #{record.period,jdbcType=VARCHAR},
      REGIST_EMP = #{record.registEmp,jdbcType=VARCHAR},
      RC_NUM = #{record.rcNum,jdbcType=VARCHAR},
      FREQUENCY = #{record.frequency,jdbcType=VARCHAR}
    <if test="_parameter != null">
      <include refid="Update_By_Example_Where_Clause" />
    </if>
  </update>
  <update id="updateByPrimaryKeySelective" parameterType="tw.com.hjct.jmrs.dao.bean.SidbHousekeeping">
    update "ODS_SYSTEM"."SIDB_HOUSEKEEPING"
    <set>
      <if test="period != null">
        PERIOD = #{period,jdbcType=VARCHAR},
      </if>
      <if test="registEmp != null">
        REGIST_EMP = #{registEmp,jdbcType=VARCHAR},
      </if>
      <if test="rcNum != null">
        RC_NUM = #{rcNum,jdbcType=VARCHAR},
      </if>
      <if test="frequency != null">
        FREQUENCY = #{frequency,jdbcType=VARCHAR},
      </if>
    </set>
    where OWNER = #{owner,jdbcType=VARCHAR}
      and TABLE_NAME = #{tableName,jdbcType=VARCHAR}
      and COLUMN_NAME = #{columnName,jdbcType=VARCHAR}
  </update>
  <update id="updateByPrimaryKey" parameterType="tw.com.hjct.jmrs.dao.bean.SidbHousekeeping">
    update "ODS_SYSTEM"."SIDB_HOUSEKEEPING"
    set PERIOD = #{period,jdbcType=VARCHAR},
      REGIST_EMP = #{registEmp,jdbcType=VARCHAR},
      RC_NUM = #{rcNum,jdbcType=VARCHAR},
      FREQUENCY = #{frequency,jdbcType=VARCHAR}
    where OWNER = #{owner,jdbcType=VARCHAR}
      and TABLE_NAME = #{tableName,jdbcType=VARCHAR}
      and COLUMN_NAME = #{columnName,jdbcType=VARCHAR}
  </update>
</mapper>