<?xml version="1.0" encoding="UTF-8"?>
<!DOCTYPE mapper PUBLIC "-//mybatis.org//DTD Mapper 3.0//EN" "http://mybatis.org/dtd/mybatis-3-mapper.dtd">
<mapper namespace="tw.com.hjct.jmrs.dao.mapper.WhitelistMapper">
  <resultMap id="BaseResultMap" type="tw.com.hjct.jmrs.dao.bean.Whitelist">
    <id column="WHITELIST_ID" jdbcType="NUMERIC" property="whitelistId" />
    <result column="ACCOUNT" jdbcType="VARCHAR" property="account" />
    <result column="DOMAIN" jdbcType="VARCHAR" property="domain" />
    <result column="ROLE" jdbcType="VARCHAR" property="role" />
    <result column="LOGIN_TIME" jdbcType="TIMESTAMP" property="loginTime" />
    <result column="LAST_LOGIN_TIME" jdbcType="TIMESTAMP" property="lastLoginTime" />
  </resultMap>
  <sql id="Example_Where_Clause">
    <where>
      <foreach collection="oredCriteria" item="criteria" separator="or">
        <if test="criteria.valid">
          <trim prefix="(" prefixOverrides="and" suffix=")">
            <foreach collection="criteria.criteria" item="criterion">
              <choose>
                <when test="criterion.noValue">
                  and ${criterion.condition}
                </when>
                <when test="criterion.singleValue">
                  and ${criterion.condition} #{criterion.value}
                </when>
                <when test="criterion.betweenValue">
                  and ${criterion.condition} #{criterion.value} and #{criterion.secondValue}
                </when>
                <when test="criterion.listValue">
                  and ${criterion.condition}
                  <foreach close=")" collection="criterion.value" item="listItem" open="(" separator=",">
                    #{listItem}
                  </foreach>
                </when>
              </choose>
            </foreach>
          </trim>
        </if>
      </foreach>
    </where>
  </sql>
  <sql id="Update_By_Example_Where_Clause">
    <where>
      <foreach collection="example.oredCriteria" item="criteria" separator="or">
        <if test="criteria.valid">
          <trim prefix="(" prefixOverrides="and" suffix=")">
            <foreach collection="criteria.criteria" item="criterion">
              <choose>
                <when test="criterion.noValue">
                  and ${criterion.condition}
                </when>
                <when test="criterion.singleValue">
                  and ${criterion.condition} #{criterion.value}
                </when>
                <when test="criterion.betweenValue">
                  and ${criterion.condition} #{criterion.value} and #{criterion.secondValue}
                </when>
                <when test="criterion.listValue">
                  and ${criterion.condition}
                  <foreach close=")" collection="criterion.value" item="listItem" open="(" separator=",">
                    #{listItem}
                  </foreach>
                </when>
              </choose>
            </foreach>
          </trim>
        </if>
      </foreach>
    </where>
  </sql>
  <sql id="Base_Column_List">
    WHITELIST_ID, ACCOUNT, DOMAIN, ROLE, LOGIN_TIME, LAST_LOGIN_TIME
  </sql>
  <select id="selectByExample" parameterType="tw.com.hjct.jmrs.dao.bean.WhitelistExample" resultMap="BaseResultMap">
    select
    <if test="distinct">
      distinct
    </if>
    <include refid="Base_Column_List" />
    from "ODS_SYSTEM"."WHITELIST"
    <if test="_parameter != null">
      <include refid="Example_Where_Clause" />
    </if>
    <if test="orderByClause != null">
      order by ${orderByClause}
    </if>
  </select>
  <select id="selectByPrimaryKey" parameterType="java.lang.Integer" resultMap="BaseResultMap">
    select 
    <include refid="Base_Column_List" />
    from "ODS_SYSTEM"."WHITELIST"
    where WHITELIST_ID = #{whitelistId,jdbcType=NUMERIC}
  </select>
  <delete id="deleteByPrimaryKey" parameterType="java.lang.Integer">
    delete from "ODS_SYSTEM"."WHITELIST"
    where WHITELIST_ID = #{whitelistId,jdbcType=NUMERIC}
  </delete>
  <delete id="deleteByExample" parameterType="tw.com.hjct.jmrs.dao.bean.WhitelistExample">
    delete from "ODS_SYSTEM"."WHITELIST"
    <if test="_parameter != null">
      <include refid="Example_Where_Clause" />
    </if>
  </delete>
  <insert id="insert" parameterType="tw.com.hjct.jmrs.dao.bean.Whitelist">
    insert into "ODS_SYSTEM"."WHITELIST" (WHITELIST_ID, ACCOUNT, DOMAIN, 
      ROLE, LOGIN_TIME, LAST_LOGIN_TIME
      )
    values (#{whitelistId,jdbcType=NUMERIC}, #{account,jdbcType=VARCHAR}, #{domain,jdbcType=VARCHAR}, 
      #{role,jdbcType=VARCHAR}, #{loginTime,jdbcType=TIMESTAMP}, #{lastLoginTime,jdbcType=TIMESTAMP}
      )
  </insert>
  <insert id="insertSelective" parameterType="tw.com.hjct.jmrs.dao.bean.Whitelist">
    insert into "ODS_SYSTEM"."WHITELIST"
    <trim prefix="(" suffix=")" suffixOverrides=",">
      <if test="whitelistId != null">
        WHITELIST_ID,
      </if>
      <if test="account != null">
        ACCOUNT,
      </if>
      <if test="domain != null">
        DOMAIN,
      </if>
      <if test="role != null">
        ROLE,
      </if>
      <if test="loginTime != null">
        LOGIN_TIME,
      </if>
      <if test="lastLoginTime != null">
        LAST_LOGIN_TIME,
      </if>
    </trim>
    <trim prefix="values (" suffix=")" suffixOverrides=",">
      <if test="whitelistId != null">
        #{whitelistId,jdbcType=NUMERIC},
      </if>
      <if test="account != null">
        #{account,jdbcType=VARCHAR},
      </if>
      <if test="domain != null">
        #{domain,jdbcType=VARCHAR},
      </if>
      <if test="role != null">
        #{role,jdbcType=VARCHAR},
      </if>
      <if test="loginTime != null">
        #{loginTime,jdbcType=TIMESTAMP},
      </if>
      <if test="lastLoginTime != null">
        #{lastLoginTime,jdbcType=TIMESTAMP},
      </if>
    </trim>
  </insert>
  <select id="countByExample" parameterType="tw.com.hjct.jmrs.dao.bean.WhitelistExample" resultType="java.lang.Long">
    select count(*) from "ODS_SYSTEM"."WHITELIST"
    <if test="_parameter != null">
      <include refid="Example_Where_Clause" />
    </if>
  </select>
  <update id="updateByExampleSelective" parameterType="map">
    update "ODS_SYSTEM"."WHITELIST"
    <set>
      <if test="record.whitelistId != null">
        WHITELIST_ID = #{record.whitelistId,jdbcType=NUMERIC},
      </if>
      <if test="record.account != null">
        ACCOUNT = #{record.account,jdbcType=VARCHAR},
      </if>
      <if test="record.domain != null">
        DOMAIN = #{record.domain,jdbcType=VARCHAR},
      </if>
      <if test="record.role != null">
        ROLE = #{record.role,jdbcType=VARCHAR},
      </if>
      <if test="record.loginTime != null">
        LOGIN_TIME = #{record.loginTime,jdbcType=TIMESTAMP},
      </if>
      <if test="record.lastLoginTime != null">
        LAST_LOGIN_TIME = #{record.lastLoginTime,jdbcType=TIMESTAMP},
      </if>
    </set>
    <if test="_parameter != null">
      <include refid="Update_By_Example_Where_Clause" />
    </if>
  </update>
  <update id="updateByExample" parameterType="map">
    update "ODS_SYSTEM"."WHITELIST"
    set WHITELIST_ID = #{record.whitelistId,jdbcType=NUMERIC},
      ACCOUNT = #{record.account,jdbcType=VARCHAR},
      DOMAIN = #{record.domain,jdbcType=VARCHAR},
      ROLE = #{record.role,jdbcType=VARCHAR},
      LOGIN_TIME = #{record.loginTime,jdbcType=TIMESTAMP},
      LAST_LOGIN_TIME = #{record.lastLoginTime,jdbcType=TIMESTAMP}
    <if test="_parameter != null">
      <include refid="Update_By_Example_Where_Clause" />
    </if>
  </update>
  <update id="updateByPrimaryKeySelective" parameterType="tw.com.hjct.jmrs.dao.bean.Whitelist">
    update "ODS_SYSTEM"."WHITELIST"
    <set>
      <if test="account != null">
        ACCOUNT = #{account,jdbcType=VARCHAR},
      </if>
      <if test="domain != null">
        DOMAIN = #{domain,jdbcType=VARCHAR},
      </if>
      <if test="role != null">
        ROLE = #{role,jdbcType=VARCHAR},
      </if>
      <if test="loginTime != null">
        LOGIN_TIME = #{loginTime,jdbcType=TIMESTAMP},
      </if>
      <if test="lastLoginTime != null">
        LAST_LOGIN_TIME = #{lastLoginTime,jdbcType=TIMESTAMP},
      </if>
    </set>
    where WHITELIST_ID = #{whitelistId,jdbcType=NUMERIC}
  </update>
  <update id="updateByPrimaryKey" parameterType="tw.com.hjct.jmrs.dao.bean.Whitelist">
    update "ODS_SYSTEM"."WHITELIST"
    set ACCOUNT = #{account,jdbcType=VARCHAR},
      DOMAIN = #{domain,jdbcType=VARCHAR},
      ROLE = #{role,jdbcType=VARCHAR},
      LOGIN_TIME = #{loginTime,jdbcType=TIMESTAMP},
      LAST_LOGIN_TIME = #{lastLoginTime,jdbcType=TIMESTAMP}
    where WHITELIST_ID = #{whitelistId,jdbcType=NUMERIC}
  </update>
</mapper>