<?xml version="1.0" encoding="UTF-8"?>
<!DOCTYPE mapper PUBLIC "-//mybatis.org//DTD Mapper 3.0//EN" "http://mybatis.org/dtd/mybatis-3-mapper.dtd">
<mapper namespace="tw.com.hjct.jmrs.dao.mapper.WorkLogMapper">
  <resultMap id="BaseResultMap" type="tw.com.hjct.jmrs.dao.bean.WorkLog">
    <id column="WORK_LOG_ID" jdbcType="NUMERIC" property="workLogId" />
    <result column="LOG_TIME" jdbcType="TIMESTAMP" property="logTime" />
    <result column="ACCOUNT" jdbcType="VARCHAR" property="account" />
    <result column="IP" jdbcType="VARCHAR" property="ip" />
    <result column="FUNC" jdbcType="VARCHAR" property="func" />
    <result column="ACTION" jdbcType="VARCHAR" property="action" />
    <result column="CONTENT" jdbcType="VARCHAR" property="content" />
  </resultMap>
  <sql id="Example_Where_Clause">
    <where>
      <foreach collection="oredCriteria" item="criteria" separator="or">
        <if test="criteria.valid">
          <trim prefix="(" prefixOverrides="and" suffix=")">
            <foreach collection="criteria.criteria" item="criterion">
              <choose>
                <when test="criterion.noValue">
                  and ${criterion.condition}
                </when>
                <when test="criterion.singleValue">
                  and ${criterion.condition} #{criterion.value}
                </when>
                <when test="criterion.betweenValue">
                  and ${criterion.condition} #{criterion.value} and #{criterion.secondValue}
                </when>
                <when test="criterion.listValue">
                  and ${criterion.condition}
                  <foreach close=")" collection="criterion.value" item="listItem" open="(" separator=",">
                    #{listItem}
                  </foreach>
                </when>
              </choose>
            </foreach>
          </trim>
        </if>
      </foreach>
    </where>
  </sql>
  <sql id="Update_By_Example_Where_Clause">
    <where>
      <foreach collection="example.oredCriteria" item="criteria" separator="or">
        <if test="criteria.valid">
          <trim prefix="(" prefixOverrides="and" suffix=")">
            <foreach collection="criteria.criteria" item="criterion">
              <choose>
                <when test="criterion.noValue">
                  and ${criterion.condition}
                </when>
                <when test="criterion.singleValue">
                  and ${criterion.condition} #{criterion.value}
                </when>
                <when test="criterion.betweenValue">
                  and ${criterion.condition} #{criterion.value} and #{criterion.secondValue}
                </when>
                <when test="criterion.listValue">
                  and ${criterion.condition}
                  <foreach close=")" collection="criterion.value" item="listItem" open="(" separator=",">
                    #{listItem}
                  </foreach>
                </when>
              </choose>
            </foreach>
          </trim>
        </if>
      </foreach>
    </where>
  </sql>
  <sql id="Base_Column_List">
    WORK_LOG_ID, LOG_TIME, ACCOUNT, IP, FUNC, ACTION, CONTENT
  </sql>
  <select id="selectByExample" parameterType="tw.com.hjct.jmrs.dao.bean.WorkLogExample" resultMap="BaseResultMap">
    select
    <if test="distinct">
      distinct
    </if>
    <include refid="Base_Column_List" />
    from "ODS_SYSTEM"."WORK_LOG"
    <if test="_parameter != null">
      <include refid="Example_Where_Clause" />
    </if>
    <if test="orderByClause != null">
      order by ${orderByClause}
    </if>
  </select>
  <select id="selectByPrimaryKey" parameterType="java.lang.Integer" resultMap="BaseResultMap">
    select 
    <include refid="Base_Column_List" />
    from "ODS_SYSTEM"."WORK_LOG"
    where WORK_LOG_ID = #{workLogId,jdbcType=NUMERIC}
  </select>
  <delete id="deleteByPrimaryKey" parameterType="java.lang.Integer">
    delete from "ODS_SYSTEM"."WORK_LOG"
    where WORK_LOG_ID = #{workLogId,jdbcType=NUMERIC}
  </delete>
  <delete id="deleteByExample" parameterType="tw.com.hjct.jmrs.dao.bean.WorkLogExample">
    delete from "ODS_SYSTEM"."WORK_LOG"
    <if test="_parameter != null">
      <include refid="Example_Where_Clause" />
    </if>
  </delete>
  <insert id="insert" parameterType="tw.com.hjct.jmrs.dao.bean.WorkLog">
    insert into "ODS_SYSTEM"."WORK_LOG" (WORK_LOG_ID, LOG_TIME, ACCOUNT, 
      IP, FUNC, ACTION, CONTENT
      )
    values (#{workLogId,jdbcType=NUMERIC}, #{logTime,jdbcType=TIMESTAMP}, #{account,jdbcType=VARCHAR}, 
      #{ip,jdbcType=VARCHAR}, #{func,jdbcType=VARCHAR}, #{action,jdbcType=VARCHAR}, #{content,jdbcType=VARCHAR}
      )
  </insert>
  <insert id="insertSelective" parameterType="tw.com.hjct.jmrs.dao.bean.WorkLog">
    insert into "ODS_SYSTEM"."WORK_LOG"
    <trim prefix="(" suffix=")" suffixOverrides=",">
      <if test="workLogId != null">
        WORK_LOG_ID,
      </if>
      <if test="logTime != null">
        LOG_TIME,
      </if>
      <if test="account != null">
        ACCOUNT,
      </if>
      <if test="ip != null">
        IP,
      </if>
      <if test="func != null">
        FUNC,
      </if>
      <if test="action != null">
        ACTION,
      </if>
      <if test="content != null">
        CONTENT,
      </if>
    </trim>
    <trim prefix="values (" suffix=")" suffixOverrides=",">
      <if test="workLogId != null">
        #{workLogId,jdbcType=NUMERIC},
      </if>
      <if test="logTime != null">
        #{logTime,jdbcType=TIMESTAMP},
      </if>
      <if test="account != null">
        #{account,jdbcType=VARCHAR},
      </if>
      <if test="ip != null">
        #{ip,jdbcType=VARCHAR},
      </if>
      <if test="func != null">
        #{func,jdbcType=VARCHAR},
      </if>
      <if test="action != null">
        #{action,jdbcType=VARCHAR},
      </if>
      <if test="content != null">
        #{content,jdbcType=VARCHAR},
      </if>
    </trim>
  </insert>
  <select id="countByExample" parameterType="tw.com.hjct.jmrs.dao.bean.WorkLogExample" resultType="java.lang.Long">
    select count(*) from "ODS_SYSTEM"."WORK_LOG"
    <if test="_parameter != null">
      <include refid="Example_Where_Clause" />
    </if>
  </select>
  <update id="updateByExampleSelective" parameterType="map">
    update "ODS_SYSTEM"."WORK_LOG"
    <set>
      <if test="record.workLogId != null">
        WORK_LOG_ID = #{record.workLogId,jdbcType=NUMERIC},
      </if>
      <if test="record.logTime != null">
        LOG_TIME = #{record.logTime,jdbcType=TIMESTAMP},
      </if>
      <if test="record.account != null">
        ACCOUNT = #{record.account,jdbcType=VARCHAR},
      </if>
      <if test="record.ip != null">
        IP = #{record.ip,jdbcType=VARCHAR},
      </if>
      <if test="record.func != null">
        FUNC = #{record.func,jdbcType=VARCHAR},
      </if>
      <if test="record.action != null">
        ACTION = #{record.action,jdbcType=VARCHAR},
      </if>
      <if test="record.content != null">
        CONTENT = #{record.content,jdbcType=VARCHAR},
      </if>
    </set>
    <if test="_parameter != null">
      <include refid="Update_By_Example_Where_Clause" />
    </if>
  </update>
  <update id="updateByExample" parameterType="map">
    update "ODS_SYSTEM"."WORK_LOG"
    set WORK_LOG_ID = #{record.workLogId,jdbcType=NUMERIC},
      LOG_TIME = #{record.logTime,jdbcType=TIMESTAMP},
      ACCOUNT = #{record.account,jdbcType=VARCHAR},
      IP = #{record.ip,jdbcType=VARCHAR},
      FUNC = #{record.func,jdbcType=VARCHAR},
      ACTION = #{record.action,jdbcType=VARCHAR},
      CONTENT = #{record.content,jdbcType=VARCHAR}
    <if test="_parameter != null">
      <include refid="Update_By_Example_Where_Clause" />
    </if>
  </update>
  <update id="updateByPrimaryKeySelective" parameterType="tw.com.hjct.jmrs.dao.bean.WorkLog">
    update "ODS_SYSTEM"."WORK_LOG"
    <set>
      <if test="logTime != null">
        LOG_TIME = #{logTime,jdbcType=TIMESTAMP},
      </if>
      <if test="account != null">
        ACCOUNT = #{account,jdbcType=VARCHAR},
      </if>
      <if test="ip != null">
        IP = #{ip,jdbcType=VARCHAR},
      </if>
      <if test="func != null">
        FUNC = #{func,jdbcType=VARCHAR},
      </if>
      <if test="action != null">
        ACTION = #{action,jdbcType=VARCHAR},
      </if>
      <if test="content != null">
        CONTENT = #{content,jdbcType=VARCHAR},
      </if>
    </set>
    where WORK_LOG_ID = #{workLogId,jdbcType=NUMERIC}
  </update>
  <update id="updateByPrimaryKey" parameterType="tw.com.hjct.jmrs.dao.bean.WorkLog">
    update "ODS_SYSTEM"."WORK_LOG"
    set LOG_TIME = #{logTime,jdbcType=TIMESTAMP},
      ACCOUNT = #{account,jdbcType=VARCHAR},
      IP = #{ip,jdbcType=VARCHAR},
      FUNC = #{func,jdbcType=VARCHAR},
      ACTION = #{action,jdbcType=VARCHAR},
      CONTENT = #{content,jdbcType=VARCHAR}
    where WORK_LOG_ID = #{workLogId,jdbcType=NUMERIC}
  </update>
</mapper>